"scientific_name","quality_grade","year","freq","percent_freq","totalfreq","quarantine"
"1","Accipiter cooperii","casual",2016,1,0.2,5,"no"
"2","Agelaius phoeniceus","casual",2016,10,0.263157894736842,38,"no"
"3","Aix sponsa","casual",2016,1,0.0526315789473684,19,"no"
"4","Anas platyrhynchos","casual",2016,11,0.44,25,"no"
"5","Aythya collaris","casual",2016,1,0.2,5,"no"
"6","Aythya marila","casual",2016,3,0.6,5,"no"
"7","Aythya valisineria","casual",2016,1,1,1,"no"
"8","Branta canadensis","casual",2016,9,0.36,25,"no"
"9","Bucephala albeola","casual",2016,4,0.285714285714286,14,"no"
"10","Bucephala clangula","casual",2016,2,0.222222222222222,9,"no"
"11","Calidris alpina","casual",2016,1,1,1,"no"
"12","Cardinalis cardinalis","casual",2016,5,0.333333333333333,15,"no"
"13","Cathartes aura","casual",2016,4,0.8,5,"no"
"14","Catharus guttatus","casual",2016,2,0.285714285714286,7,"no"
"15","Certhia americana","casual",2016,1,0.1,10,"no"
"16","Charadrius vociferus","casual",2016,6,0.6,10,"no"
"17","Chroicocephalus philadelphia","casual",2016,1,0.5,2,"no"
"18","Clangula hyemalis","casual",2016,2,0.2,10,"no"
"19","Colaptes auratus","casual",2016,1,0.125,8,"no"
"20","Columba livia","casual",2016,4,0.666666666666667,6,"no"
"21","Corvus brachyrhynchos","casual",2016,6,0.6,10,"no"
"22","Cyanocitta cristata","casual",2016,1,0.25,4,"no"
"23","Cygnus olor","casual",2016,5,0.555555555555556,9,"no"
"24","Dryobates pubescens","casual",2016,4,0.2,20,"no"
"25","Dryobates villosus","casual",2016,1,0.125,8,"no"
"26","Eremophila alpestris","casual",2016,2,1,2,"no"
"27","Euphagus carolinus","casual",2016,1,0.5,2,"no"
"28","Falco columbarius","casual",2016,1,0.25,4,"no"
"29","Gallinago delicata","casual",2016,1,0.166666666666667,6,"no"
"30","Gavia immer","casual",2016,1,0.125,8,"no"
"31","Haemorhous mexicanus","casual",2016,1,0.166666666666667,6,"no"
"32","Helmitheros vermivorum","casual",2016,1,1,1,"no"
"33","Hirundo rustica","casual",2016,1,0.5,2,"no"
"34","Junco hyemalis","casual",2016,3,0.214285714285714,14,"no"
"35","Lagopus lagopus","casual",2016,1,1,1,"no"
"36","Larus argentatus","casual",2016,3,0.6,5,"no"
"37","Larus delawarensis","casual",2016,11,0.578947368421053,19,"no"
"38","Larus glaucoides","casual",2016,1,1,1,"no"
"39","Mareca strepera","casual",2016,2,0.222222222222222,9,"no"
"40","Melanitta deglandi","casual",2016,4,0.8,5,"no"
"41","Melospiza melodia","casual",2016,9,0.45,20,"no"
"42","Mergus merganser","casual",2016,1,0.166666666666667,6,"no"
"43","Mergus serrator","casual",2016,4,0.4,10,"no"
"44","Molothrus ater","casual",2016,1,0.2,5,"no"
"45","Passer domesticus","casual",2016,7,0.466666666666667,15,"no"
"46","Phalacrocorax auritus","casual",2016,6,0.5,12,"no"
"47","Podiceps auritus","casual",2016,1,0.166666666666667,6,"no"
"48","Podiceps grisegena","casual",2016,2,0.285714285714286,7,"no"
"49","Podilymbus podiceps","casual",2016,1,0.333333333333333,3,"no"
"50","Poecile atricapillus","casual",2016,7,0.35,20,"no"
"51","Quiscalus quiscula","casual",2016,5,0.416666666666667,12,"no"
"52","Regulus calendula","casual",2016,1,0.25,4,"no"
"53","Regulus satrapa","casual",2016,3,0.3,10,"no"
"54","Sayornis phoebe","casual",2016,2,0.285714285714286,7,"no"
"55","Sitta carolinensis","casual",2016,1,0.111111111111111,9,"no"
"56","Sphyrapicus varius","casual",2016,1,0.111111111111111,9,"no"
"57","Spinus pinus","casual",2016,1,0.0588235294117647,17,"no"
"58","Spinus tristis","casual",2016,5,0.227272727272727,22,"no"
"59","Spizella passerina","casual",2016,1,0.25,4,"no"
"60","Spizelloides arborea","casual",2016,1,0.0769230769230769,13,"no"
"61","Sturnus vulgaris","casual",2016,4,0.5,8,"no"
"62","Tachycineta bicolor","casual",2016,2,0.166666666666667,12,"no"
"63","Tringa flavipes","casual",2016,1,1,1,"no"
"64","Tringa solitaria","casual",2016,1,1,1,"no"
"65","Troglodytes hiemalis","casual",2016,1,0.2,5,"no"
"66","Turdus migratorius","casual",2016,8,0.5,16,"no"
"67","Zenaida macroura","casual",2016,6,0.6,10,"no"
"68","Zonotrichia albicollis","casual",2016,1,0.2,5,"no"
"69","Anatidae","needs_id",2016,1,1,1,"no"
"70","Larinae","needs_id",2016,1,1,1,"no"
"71","Passeriformes","needs_id",2016,1,1,1,"no"
"72","Phalacrocorax","needs_id",2016,1,1,1,"no"
"73","Sphyrapicus","needs_id",2016,1,1,1,"no"
"74","Acanthis flammea","research",2016,15,1,15,"no"
"75","Accipiter cooperii","research",2016,4,0.8,5,"no"
"76","Accipiter striatus","research",2016,1,1,1,"no"
"77","Aechmophorus occidentalis","research",2016,8,1,8,"no"
"78","Aegolius acadicus","research",2016,1,1,1,"no"
"79","Agelaius phoeniceus","research",2016,28,0.736842105263158,38,"no"
"80","Aix sponsa","research",2016,18,0.947368421052632,19,"no"
"81","Anas acuta","research",2016,3,1,3,"no"
"82","Anas crecca","research",2016,3,1,3,"no"
"83","Anas platyrhynchos","research",2016,14,0.56,25,"no"
"84","Anas platyrhynchos × acuta","research",2016,2,1,2,"no"
"85","Anas platyrhynchos × Mareca americana","research",2016,2,1,2,"no"
"86","Anas rubripes","research",2016,2,1,2,"no"
"87","Anas rubripes × platyrhynchos","research",2016,1,1,1,"no"
"88","Anser albifrons","research",2016,1,1,1,"no"
"89","Anser anser × Branta canadensis","research",2016,1,1,1,"no"
"90","Aquila chrysaetos","research",2016,1,1,1,"no"
"91","Ardea alba","research",2016,2,1,2,"no"
"92","Ardea herodias","research",2016,4,1,4,"no"
"93","Asio otus","research",2016,2,1,2,"no"
"94","Aythya americana","research",2016,3,1,3,"no"
"95","Aythya collaris","research",2016,4,0.8,5,"no"
"96","Aythya marila","research",2016,2,0.4,5,"no"
"97","Baeolophus bicolor","research",2016,3,1,3,"no"
"98","Bombycilla cedrorum","research",2016,4,1,4,"no"
"99","Bombycilla garrulus","research",2016,4,1,4,"no"
"100","Branta canadensis","research",2016,16,0.64,25,"no"
"101","Bubo scandiacus","research",2016,2,1,2,"no"
"102","Bubo virginianus","research",2016,5,1,5,"no"
"103","Bucephala albeola","research",2016,10,0.714285714285714,14,"no"
"104","Bucephala clangula","research",2016,7,0.777777777777778,9,"no"
"105","Bucephala islandica","research",2016,6,1,6,"no"
"106","Buteo jamaicensis","research",2016,3,1,3,"no"
"107","Buteo lineatus","research",2016,1,1,1,"no"
"108","Butorides virescens","research",2016,1,1,1,"no"
"109","Calypte anna","research",2016,2,1,2,"no"
"110","Cardinalis cardinalis","research",2016,10,0.666666666666667,15,"no"
"111","Cathartes aura","research",2016,1,0.2,5,"no"
"112","Catharus guttatus","research",2016,5,0.714285714285714,7,"no"
"113","Cepphus columba","research",2016,1,1,1,"no"
"114","Certhia americana","research",2016,9,0.9,10,"no"
"115","Charadrius vociferus","research",2016,4,0.4,10,"no"
"116","Chroicocephalus philadelphia","research",2016,1,0.5,2,"no"
"117","Chroicocephalus ridibundus","research",2016,1,1,1,"no"
"118","Circus hudsonius","research",2016,1,1,1,"no"
"119","Clangula hyemalis","research",2016,8,0.8,10,"no"
"120","Colaptes auratus","research",2016,7,0.875,8,"no"
"121","Columba livia","research",2016,2,0.333333333333333,6,"no"
"122","Corvus brachyrhynchos","research",2016,4,0.4,10,"no"
"123","Corvus caurinus","research",2016,2,1,2,"no"
"124","Corvus corax","research",2016,1,1,1,"no"
"125","Cyanocitta cristata","research",2016,3,0.75,4,"no"
"126","Cyanocitta stelleri","research",2016,2,1,2,"no"
"127","Cygnus buccinator","research",2016,5,1,5,"no"
"128","Cygnus columbianus","research",2016,1,1,1,"no"
"129","Cygnus olor","research",2016,4,0.444444444444444,9,"no"
"130","Dryobates pubescens","research",2016,16,0.8,20,"no"
"131","Dryobates villosus","research",2016,7,0.875,8,"no"
"132","Dryocopus pileatus","research",2016,4,1,4,"no"
"133","Dumetella carolinensis","research",2016,2,1,2,"no"
"134","Euphagus carolinus","research",2016,1,0.5,2,"no"
"135","Falco columbarius","research",2016,3,0.75,4,"no"
"136","Falco peregrinus","research",2016,3,1,3,"no"
"137","Falco sparverius","research",2016,1,1,1,"no"
"138","Fulica americana","research",2016,1,1,1,"no"
"139","Gallinago delicata","research",2016,5,0.833333333333333,6,"no"
"140","Gavia immer","research",2016,7,0.875,8,"no"
"141","Haematopus bachmani","research",2016,1,1,1,"no"
"142","Haemorhous mexicanus","research",2016,5,0.833333333333333,6,"no"
"143","Haemorhous purpureus","research",2016,6,1,6,"no"
"144","Haliaeetus leucocephalus","research",2016,5,1,5,"no"
"145","Hirundo rustica","research",2016,1,0.5,2,"no"
"146","Histrionicus histrionicus","research",2016,5,1,5,"no"
"147","Hydrocoloeus minutus","research",2016,1,1,1,"no"
"148","Hydroprogne caspia","research",2016,3,1,3,"no"
"149","Ixoreus naevius","research",2016,1,1,1,"no"
"150","Junco hyemalis","research",2016,11,0.785714285714286,14,"no"
"151","Lanius borealis","research",2016,1,1,1,"no"
"152","Larus argentatus","research",2016,2,0.4,5,"no"
"153","Larus canus","research",2016,1,1,1,"no"
"154","Larus delawarensis","research",2016,8,0.421052631578947,19,"no"
"155","Larus fuscus","research",2016,1,1,1,"no"
"156","Larus glaucescens","research",2016,3,1,3,"no"
"157","Lophodytes cucullatus","research",2016,2,1,2,"no"
"158","Loxia curvirostra","research",2016,1,1,1,"no"
"159","Mareca americana","research",2016,9,1,9,"no"
"160","Mareca americana × penelope","research",2016,1,1,1,"no"
"161","Mareca penelope","research",2016,8,1,8,"no"
"162","Mareca strepera","research",2016,7,0.777777777777778,9,"no"
"163","Megaceryle alcyon","research",2016,2,1,2,"no"
"164","Megascops asio","research",2016,4,1,4,"no"
"165","Melanitta deglandi","research",2016,1,0.2,5,"no"
"166","Meleagris gallopavo","research",2016,7,1,7,"no"
"167","Melospiza melodia","research",2016,11,0.55,20,"no"
"168","Mergus merganser","research",2016,5,0.833333333333333,6,"no"
"169","Mergus serrator","research",2016,6,0.6,10,"no"
"170","Mimus polyglottos","research",2016,4,1,4,"no"
"171","Molothrus ater","research",2016,4,0.8,5,"no"
"172","Numenius phaeopus","research",2016,1,1,1,"no"
"173","Nycticorax nycticorax","research",2016,1,1,1,"no"
"174","Oxyura jamaicensis","research",2016,2,1,2,"no"
"175","Passer domesticus","research",2016,8,0.533333333333333,15,"no"
"176","Passerculus sandwichensis","research",2016,2,1,2,"no"
"177","Passerella iliaca","research",2016,5,1,5,"no"
"178","Perdix perdix","research",2016,1,1,1,"no"
"179","Phalacrocorax auritus","research",2016,6,0.5,12,"no"
"180","Phalacrocorax pelagicus","research",2016,1,1,1,"no"
"181","Pipilo erythrophthalmus","research",2016,1,1,1,"no"
"182","Podiceps auritus","research",2016,5,0.833333333333333,6,"no"
"183","Podiceps grisegena","research",2016,5,0.714285714285714,7,"no"
"184","Podilymbus podiceps","research",2016,2,0.666666666666667,3,"no"
"185","Poecile atricapillus","research",2016,13,0.65,20,"no"
"186","Poecile rufescens","research",2016,1,1,1,"no"
"187","Polioptila caerulea","research",2016,1,1,1,"no"
"188","Pooecetes gramineus","research",2016,2,1,2,"no"
"189","Porzana carolina","research",2016,1,1,1,"no"
"190","Progne subis","research",2016,1,1,1,"no"
"191","Psaltriparus minimus","research",2016,1,1,1,"no"
"192","Quiscalus quiscula","research",2016,7,0.583333333333333,12,"no"
"193","Regulus calendula","research",2016,3,0.75,4,"no"
"194","Regulus satrapa","research",2016,7,0.7,10,"no"
"195","Sayornis phoebe","research",2016,5,0.714285714285714,7,"no"
"196","Scolopax minor","research",2016,3,1,3,"no"
"197","Setophaga coronata","research",2016,6,1,6,"no"
"198","Setophaga palmarum","research",2016,5,1,5,"no"
"199","Setophaga petechia","research",2016,1,1,1,"no"
"200","Setophaga pinus","research",2016,3,1,3,"no"
"201","Setophaga ruticilla","research",2016,1,1,1,"no"
"202","Setophaga tigrina","research",2016,1,1,1,"no"
"203","Sialia sialis","research",2016,2,1,2,"no"
"204","Sitta canadensis","research",2016,1,1,1,"no"
"205","Sitta carolinensis","research",2016,8,0.888888888888889,9,"no"
"206","Spatula clypeata","research",2016,3,1,3,"no"
"207","Spatula discors","research",2016,1,1,1,"no"
"208","Sphyrapicus ruber","research",2016,1,1,1,"no"
"209","Sphyrapicus varius","research",2016,8,0.888888888888889,9,"no"
"210","Spinus pinus","research",2016,16,0.941176470588235,17,"no"
"211","Spinus tristis","research",2016,17,0.772727272727273,22,"no"
"212","Spizella passerina","research",2016,3,0.75,4,"no"
"213","Spizella pusilla","research",2016,1,1,1,"no"
"214","Spizelloides arborea","research",2016,12,0.923076923076923,13,"no"
"215","Strix varia","research",2016,3,1,3,"no"
"216","Sturnus vulgaris","research",2016,4,0.5,8,"no"
"217","Tachycineta bicolor","research",2016,10,0.833333333333333,12,"no"
"218","Thryothorus ludovicianus","research",2016,1,1,1,"no"
"219","Toxostoma rufum","research",2016,1,1,1,"no"
"220","Tringa melanoleuca","research",2016,1,1,1,"no"
"221","Troglodytes hiemalis","research",2016,4,0.8,5,"no"
"222","Troglodytes pacificus","research",2016,1,1,1,"no"
"223","Turdus migratorius","research",2016,8,0.5,16,"no"
"224","Tympanuchus phasianellus","research",2016,1,1,1,"no"
"225","Vireo huttoni","research",2016,1,1,1,"no"
"226","Zenaida macroura","research",2016,4,0.4,10,"no"
"227","Zonotrichia albicollis","research",2016,4,0.8,5,"no"
"228","Zonotrichia leucophrys","research",2016,2,1,2,"no"
"229","Accipiter striatus","casual",2017,1,0.5,2,"no"
"230","Aechmophorus occidentalis","casual",2017,1,1,1,"no"
"231","Agelaius phoeniceus","casual",2017,2,0.0465116279069767,43,"no"
"232","Aquila chrysaetos","casual",2017,1,1,1,"no"
"233","Ardea herodias","casual",2017,1,0.111111111111111,9,"no"
"234","Branta canadensis","casual",2017,1,0.0256410256410256,39,"no"
"235","Bubo virginianus","casual",2017,1,0.1,10,"no"
"236","Bucephala albeola","casual",2017,1,0.0833333333333333,12,"no"
"237","Cardinalis cardinalis","casual",2017,1,0.05,20,"no"
"238","Certhia americana","casual",2017,1,0.1,10,"no"
"239","Cygnus buccinator","casual",2017,1,0.5,2,"no"
"240","Dryocopus pileatus","casual",2017,1,0.125,8,"no"
"241","Falco columbarius","casual",2017,1,0.333333333333333,3,"no"
"242","Fratercula arctica","casual",2017,1,1,1,"no"
"243","Fulica","casual",2017,1,1,1,"no"
"244","Larus argentatus","casual",2017,1,0.5,2,"no"
"245","Lophostrix cristata","casual",2017,1,1,1,"no"
"246","Melanerpes carolinus","casual",2017,1,0.5,2,"no"
"247","Passer domesticus","casual",2017,2,0.222222222222222,9,"no"
"248","Poecile atricapillus","casual",2017,2,0.111111111111111,18,"no"
"249","Setophaga coronata","casual",2017,1,0.0909090909090909,11,"no"
"250","Setophaga petechia","casual",2017,1,0.5,2,"no"
"251","Sitta carolinensis","casual",2017,1,0.0909090909090909,11,"no"
"252","Spatula clypeata","casual",2017,1,0.333333333333333,3,"no"
"253","Spizelloides arborea","casual",2017,1,0.1,10,"no"
"254","Sturnella neglecta","casual",2017,1,1,1,"no"
"255","Sturnus vulgaris","casual",2017,2,0.333333333333333,6,"no"
"256","Thryothorus ludovicianus","casual",2017,1,0.333333333333333,3,"no"
"257","Accipiter","needs_id",2017,1,1,1,"no"
"258","Anatidae","needs_id",2017,1,1,1,"no"
"259","Aves","needs_id",2017,1,1,1,"no"
"260","Cygnus columbianus","needs_id",2017,1,0.333333333333333,3,"no"
"261","Passeriformes","needs_id",2017,1,1,1,"no"
"262","Sitta canadensis","needs_id",2017,1,0.142857142857143,7,"no"
"263","Accipiter cooperii","research",2017,7,1,7,"no"
"264","Accipiter striatus","research",2017,1,0.5,2,"no"
"265","Agelaius phoeniceus","research",2017,41,0.953488372093023,43,"no"
"266","Aix sponsa","research",2017,26,1,26,"no"
"267","Anas acuta","research",2017,4,1,4,"no"
"268","Anas crecca","research",2017,3,1,3,"no"
"269","Anas platyrhynchos","research",2017,38,1,38,"no"
"270","Anas rubripes","research",2017,9,1,9,"no"
"271","Anser rossii","research",2017,9,1,9,"no"
"272","Anthus rubescens","research",2017,1,1,1,"no"
"273","Ardea herodias","research",2017,8,0.888888888888889,9,"no"
"274","Asio otus","research",2017,2,1,2,"no"
"275","Aythya affinis","research",2017,10,1,10,"no"
"276","Aythya americana","research",2017,4,1,4,"no"
"277","Aythya collaris","research",2017,3,1,3,"no"
"278","Aythya fuligula","research",2017,1,1,1,"no"
"279","Aythya marila","research",2017,7,1,7,"no"
"280","Aythya valisineria","research",2017,1,1,1,"no"
"281","Bombycilla cedrorum","research",2017,5,1,5,"no"
"282","Bombycilla garrulus","research",2017,4,1,4,"no"
"283","Bonasa umbellus","research",2017,1,1,1,"no"
"284","Botaurus lentiginosus","research",2017,1,1,1,"no"
"285","Branta canadensis","research",2017,38,0.974358974358974,39,"no"
"286","Branta hutchinsii","research",2017,2,1,2,"no"
"287","Bubo scandiacus","research",2017,1,1,1,"no"
"288","Bubo virginianus","research",2017,9,0.9,10,"no"
"289","Bucephala albeola","research",2017,11,0.916666666666667,12,"no"
"290","Bucephala clangula","research",2017,12,1,12,"no"
"291","Bucephala islandica","research",2017,5,1,5,"no"
"292","Buteo jamaicensis","research",2017,7,1,7,"no"
"293","Buteo platypterus","research",2017,3,1,3,"no"
"294","Calcarius lapponicus","research",2017,1,1,1,"no"
"295","Calidris alpina","research",2017,2,1,2,"no"
"296","Calidris melanotos","research",2017,1,1,1,"no"
"297","Calypte anna","research",2017,2,1,2,"no"
"298","Cardinalis cardinalis","research",2017,19,0.95,20,"no"
"299","Cathartes aura","research",2017,4,1,4,"no"
"300","Catharus guttatus","research",2017,5,1,5,"no"
"301","Certhia americana","research",2017,9,0.9,10,"no"
"302","Charadrius vociferus","research",2017,11,1,11,"no"
"303","Circus hudsonius","research",2017,2,1,2,"no"
"304","Clangula hyemalis","research",2017,10,1,10,"no"
"305","Colaptes auratus","research",2017,10,1,10,"no"
"306","Columba livia","research",2017,8,1,8,"no"
"307","Corvus brachyrhynchos","research",2017,5,1,5,"no"
"308","Corvus caurinus","research",2017,2,1,2,"no"
"309","Corvus corax","research",2017,2,1,2,"no"
"310","Corvus ossifragus","research",2017,1,1,1,"no"
"311","Cyanocitta cristata","research",2017,3,1,3,"no"
"312","Cygnus buccinator","research",2017,1,0.5,2,"no"
"313","Cygnus columbianus","research",2017,2,0.666666666666667,3,"no"
"314","Cygnus olor","research",2017,9,1,9,"no"
"315","Dryobates","research",2017,1,1,1,"no"
"316","Dryobates pubescens","research",2017,21,1,21,"no"
"317","Dryobates villosus","research",2017,7,1,7,"no"
"318","Dryocopus pileatus","research",2017,7,0.875,8,"no"
"319","Empidonax difficilis","research",2017,1,1,1,"no"
"320","Empidonax hammondii","research",2017,1,1,1,"no"
"321","Euphagus carolinus","research",2017,2,1,2,"no"
"322","Euphagus cyanocephalus","research",2017,1,1,1,"no"
"323","Falco columbarius","research",2017,2,0.666666666666667,3,"no"
"324","Falco peregrinus","research",2017,6,1,6,"no"
"325","Falco sparverius","research",2017,13,1,13,"no"
"326","Fulica americana","research",2017,7,1,7,"no"
"327","Gallinago delicata","research",2017,4,1,4,"no"
"328","Gavia immer","research",2017,2,1,2,"no"
"329","Haemorhous mexicanus","research",2017,1,1,1,"no"
"330","Haemorhous purpureus","research",2017,2,1,2,"no"
"331","Haliaeetus leucocephalus","research",2017,2,1,2,"no"
"332","Histrionicus histrionicus","research",2017,4,1,4,"no"
"333","Hydroprogne caspia","research",2017,5,1,5,"no"
"334","Icterus galbula","research",2017,1,1,1,"no"
"335","Ixoreus naevius","research",2017,1,1,1,"no"
"336","Junco hyemalis","research",2017,11,1,11,"no"
"337","Lanius borealis","research",2017,6,1,6,"no"
"338","Larus argentatus","research",2017,1,0.5,2,"no"
"339","Larus delawarensis","research",2017,18,1,18,"no"
"340","Larus glaucescens","research",2017,3,1,3,"no"
"341","Larus glaucoides","research",2017,9,1,9,"no"
"342","Larus marinus","research",2017,1,1,1,"no"
"343","Leiothlypis celata","research",2017,3,1,3,"no"
"344","Leiothlypis ruficapilla","research",2017,1,1,1,"no"
"345","Lophodytes cucullatus","research",2017,4,1,4,"no"
"346","Mareca americana","research",2017,2,1,2,"no"
"347","Mareca strepera","research",2017,8,1,8,"no"
"348","Megaceryle alcyon","research",2017,3,1,3,"no"
"349","Melanerpes carolinus","research",2017,1,0.5,2,"no"
"350","Melanitta deglandi","research",2017,2,1,2,"no"
"351","Melanitta perspicillata","research",2017,1,1,1,"no"
"352","Meleagris gallopavo","research",2017,9,1,9,"no"
"353","Melospiza georgiana","research",2017,2,1,2,"no"
"354","Melospiza melodia","research",2017,20,1,20,"no"
"355","Mergus merganser","research",2017,6,1,6,"no"
"356","Mergus serrator","research",2017,3,1,3,"no"
"357","Mimus polyglottos","research",2017,2,1,2,"no"
"358","Molothrus ater","research",2017,12,1,12,"no"
"359","Myiarchus crinitus","research",2017,1,1,1,"no"
"360","Oxyura jamaicensis","research",2017,4,1,4,"no"
"361","Pandion haliaetus","research",2017,3,1,3,"no"
"362","Passer domesticus","research",2017,7,0.777777777777778,9,"no"
"363","Passerculus sandwichensis","research",2017,5,1,5,"no"
"364","Passerella iliaca","research",2017,5,1,5,"no"
"365","Perdix perdix","research",2017,3,1,3,"no"
"366","Phalacrocorax auritus","research",2017,11,1,11,"no"
"367","Pica hudsonia","research",2017,3,1,3,"no"
"368","Pipilo erythrophthalmus","research",2017,4,1,4,"no"
"369","Podiceps auritus","research",2017,8,1,8,"no"
"370","Podiceps grisegena","research",2017,7,1,7,"no"
"371","Podilymbus podiceps","research",2017,4,1,4,"no"
"372","Poecile atricapillus","research",2017,16,0.888888888888889,18,"no"
"373","Polioptila caerulea","research",2017,2,1,2,"no"
"374","Pooecetes gramineus","research",2017,2,1,2,"no"
"375","Quiscalus quiscula","research",2017,11,1,11,"no"
"376","Recurvirostra americana","research",2017,1,1,1,"no"
"377","Regulus calendula","research",2017,12,1,12,"no"
"378","Regulus satrapa","research",2017,8,1,8,"no"
"379","Sayornis phoebe","research",2017,8,1,8,"no"
"380","Scolopax minor","research",2017,3,1,3,"no"
"381","Setophaga coronata","research",2017,10,0.909090909090909,11,"no"
"382","Setophaga palmarum","research",2017,1,1,1,"no"
"383","Setophaga petechia","research",2017,1,0.5,2,"no"
"384","Setophaga pinus","research",2017,7,1,7,"no"
"385","Sialia currucoides","research",2017,2,1,2,"no"
"386","Sialia sialis","research",2017,3,1,3,"no"
"387","Sitta canadensis","research",2017,6,0.857142857142857,7,"no"
"388","Sitta carolinensis","research",2017,10,0.909090909090909,11,"no"
"389","Somateria spectabilis","research",2017,4,1,4,"no"
"390","Spatula clypeata","research",2017,2,0.666666666666667,3,"no"
"391","Spatula discors","research",2017,3,1,3,"no"
"392","Sphyrapicus varius","research",2017,5,1,5,"no"
"393","Spinus tristis","research",2017,16,1,16,"no"
"394","Spizella passerina","research",2017,8,1,8,"no"
"395","Spizella pusilla","research",2017,4,1,4,"no"
"396","Spizelloides arborea","research",2017,9,0.9,10,"no"
"397","Stelgidopteryx serripennis","research",2017,2,1,2,"no"
"398","Sterna hirundo","research",2017,2,1,2,"no"
"399","Strix nebulosa","research",2017,2,1,2,"no"
"400","Strix varia","research",2017,4,1,4,"no"
"401","Sturnella magna","research",2017,7,1,7,"no"
"402","Sturnus vulgaris","research",2017,4,0.666666666666667,6,"no"
"403","Tachycineta bicolor","research",2017,9,1,9,"no"
"404","Thryothorus ludovicianus","research",2017,2,0.666666666666667,3,"no"
"405","Toxostoma rufum","research",2017,8,1,8,"no"
"406","Tringa flavipes","research",2017,3,1,3,"no"
"407","Tringa melanoleuca","research",2017,3,1,3,"no"
"408","Tringa semipalmata","research",2017,1,1,1,"no"
"409","Troglodytes aedon","research",2017,3,1,3,"no"
"410","Turdus migratorius","research",2017,31,1,31,"no"
"411","Vireo gilvus","research",2017,1,1,1,"no"
"412","Xanthocephalus xanthocephalus","research",2017,1,1,1,"no"
"413","Zenaida macroura","research",2017,6,1,6,"no"
"414","Zonotrichia albicollis","research",2017,8,1,8,"no"
"415","Accipiter striatus","casual",2018,1,0.333333333333333,3,"no"
"416","Agelaius phoeniceus","casual",2018,6,0.0652173913043478,92,"no"
"417","Aix sponsa","casual",2018,2,0.0434782608695652,46,"no"
"418","Alopochen aegyptiaca","casual",2018,1,1,1,"no"
"419","Anas platyrhynchos","casual",2018,1,0.00925925925925926,108,"no"
"420","Anatidae","casual",2018,1,1,1,"no"
"421","Anodorhynchus hyacinthinus","casual",2018,1,1,1,"no"
"422","Anser anser","casual",2018,2,1,2,"no"
"423","Aquila chrysaetos","casual",2018,1,1,1,"no"
"424","Ardea herodias","casual",2018,1,0.0333333333333333,30,"no"
"425","Aves","casual",2018,1,0.142857142857143,7,"no"
"426","Aythya collaris","casual",2018,2,0.0833333333333333,24,"no"
"427","Bombycilla garrulus","casual",2018,1,0.142857142857143,7,"no"
"428","Branta canadensis","casual",2018,3,0.0208333333333333,144,"no"
"429","Bucephala clangula","casual",2018,1,0.0303030303030303,33,"no"
"430","Buteo jamaicensis","casual",2018,2,0.05,40,"no"
"431","Callonetta leucophrys","casual",2018,1,1,1,"no"
"432","Cardellina pusilla","casual",2018,1,1,1,"no"
"433","Cardinalis cardinalis","casual",2018,5,0.0641025641025641,78,"no"
"434","Cathartes aura","casual",2018,2,0.0909090909090909,22,"no"
"435","Charadrius vociferus","casual",2018,1,0.0434782608695652,23,"no"
"436","Cistothorus palustris","casual",2018,1,1,1,"no"
"437","Columba livia","casual",2018,1,0.0434782608695652,23,"no"
"438","Corvus brachyrhynchos","casual",2018,1,0.0476190476190476,21,"no"
"439","Cyanocitta","casual",2018,1,1,1,"no"
"440","Cyanocitta cristata","casual",2018,3,0.130434782608696,23,"no"
"441","Cygnus columbianus","casual",2018,1,0.1,10,"no"
"442","Dromaius novaehollandiae","casual",2018,1,1,1,"no"
"443","Dryobates pubescens","casual",2018,2,0.0307692307692308,65,"no"
"444","Dryocopus pileatus","casual",2018,2,0.105263157894737,19,"no"
"445","Eudocimus ruber","casual",2018,1,1,1,"no"
"446","Falco columbarius","casual",2018,1,0.125,8,"no"
"447","Gallinago delicata","casual",2018,1,0.166666666666667,6,"no"
"448","Geothlypis trichas","casual",2018,1,1,1,"no"
"449","Haemorhous purpureus","casual",2018,1,0.142857142857143,7,"no"
"450","Haliaeetus leucocephalus","casual",2018,1,0.0714285714285714,14,"no"
"451","Hirundo rustica","casual",2018,3,0.333333333333333,9,"no"
"452","Larus delawarensis","casual",2018,1,0.0175438596491228,57,"no"
"453","Larus glaucescens","casual",2018,2,0.285714285714286,7,"no"
"454","Leiothlypis celata","casual",2018,1,1,1,"no"
"455","Lophodytes cucullatus","casual",2018,1,0.0384615384615385,26,"no"
"456","Megaceryle alcyon","casual",2018,1,0.1,10,"no"
"457","Melospiza melodia","casual",2018,2,0.0344827586206897,58,"no"
"458","Mimus polyglottos","casual",2018,1,0.111111111111111,9,"no"
"459","Nycticorax nycticorax","casual",2018,2,0.133333333333333,15,"no"
"460","Oxyura jamaicensis","casual",2018,1,0.0833333333333333,12,"no"
"461","Pipilo maculatus","casual",2018,2,0.666666666666667,3,"no"
"462","Podiceps auritus","casual",2018,2,0.0540540540540541,37,"no"
"463","Poecile atricapillus","casual",2018,6,0.0882352941176471,68,"no"
"464","Psaltriparus minimus","casual",2018,3,0.6,5,"no"
"465","Quiscalus quiscula","casual",2018,1,0.032258064516129,31,"no"
"466","Regulus calendula","casual",2018,3,0.3,10,"no"
"467","Sayornis phoebe","casual",2018,1,0.0833333333333333,12,"no"
"468","Scolopax minor","casual",2018,4,0.333333333333333,12,"no"
"469","Setophaga coronata","casual",2018,4,0.173913043478261,23,"no"
"470","Sitta canadensis","casual",2018,1,0.0714285714285714,14,"no"
"471","Sitta carolinensis","casual",2018,2,0.0454545454545455,44,"no"
"472","Spatula clypeata","casual",2018,2,0.105263157894737,19,"no"
"473","Spheniscus demersus","casual",2018,3,1,3,"no"
"474","Sphyrapicus varius","casual",2018,1,0.0666666666666667,15,"no"
"475","Spinus","casual",2018,1,1,1,"no"
"476","Spinus tristis","casual",2018,2,0.0338983050847458,59,"no"
"477","Spizelloides arborea","casual",2018,1,0.0769230769230769,13,"no"
"478","Sturnus vulgaris","casual",2018,2,0.0476190476190476,42,"no"
"479","Tachycineta bicolor","casual",2018,3,0.157894736842105,19,"no"
"480","Tachycineta thalassina","casual",2018,2,0.4,5,"no"
"481","Turdus migratorius","casual",2018,3,0.0288461538461538,104,"no"
"482","Zonotrichia albicollis","casual",2018,1,0.0666666666666667,15,"no"
"483","Zonotrichia leucophrys","casual",2018,1,0.25,4,"no"
"484","Accipiter cooperii","needs_id",2018,1,0.0555555555555556,18,"no"
"485","Aix sponsa","needs_id",2018,1,0.0217391304347826,46,"no"
"486","Anas","needs_id",2018,1,1,1,"no"
"487","Anseriformes","needs_id",2018,1,1,1,"no"
"488","Aves","needs_id",2018,6,0.857142857142857,7,"no"
"489","Aythya","needs_id",2018,4,1,4,"no"
"490","Buteo","needs_id",2018,1,1,1,"no"
"491","Butorides virescens","needs_id",2018,1,0.5,2,"no"
"492","Corvus","needs_id",2018,2,1,2,"no"
"493","Corvus brachyrhynchos","needs_id",2018,1,0.0476190476190476,21,"no"
"494","Corvus caurinus","needs_id",2018,1,0.0833333333333333,12,"no"
"495","Cygnus columbianus","needs_id",2018,2,0.2,10,"no"
"496","Dryobates","needs_id",2018,2,1,2,"no"
"497","Falco columbarius","needs_id",2018,1,0.125,8,"no"
"498","Icteridae","needs_id",2018,1,1,1,"no"
"499","Larus","needs_id",2018,8,0.888888888888889,9,"no"
"500","Larus argentatus","needs_id",2018,1,0.0454545454545455,22,"no"
"501","Larus delawarensis","needs_id",2018,1,0.0175438596491228,57,"no"
"502","Larus glaucescens","needs_id",2018,3,0.428571428571429,7,"no"
"503","Leucophaeus pipixcan","needs_id",2018,1,0.2,5,"no"
"504","Lophodytes cucullatus","needs_id",2018,1,0.0384615384615385,26,"no"
"505","Melospiza melodia","needs_id",2018,1,0.0172413793103448,58,"no"
"506","Mergus serrator","needs_id",2018,1,0.027027027027027,37,"no"
"507","Passeriformes","needs_id",2018,2,1,2,"no"
"508","Picidae","needs_id",2018,2,1,2,"no"
"509","Podilymbus podiceps","needs_id",2018,1,0.166666666666667,6,"no"
"510","Zenaida macroura","needs_id",2018,1,0.03125,32,"no"
"511","Accipiter","research",2018,1,1,1,"no"
"512","Accipiter cooperii","research",2018,17,0.944444444444444,18,"no"
"513","Accipiter striatus","research",2018,2,0.666666666666667,3,"no"
"514","Actitis macularius","research",2018,2,1,2,"no"
"515","Aechmophorus occidentalis","research",2018,4,1,4,"no"
"516","Aegolius acadicus","research",2018,3,1,3,"no"
"517","Agelaius phoeniceus","research",2018,86,0.934782608695652,92,"no"
"518","Aix sponsa","research",2018,43,0.934782608695652,46,"no"
"519","Alle alle","research",2018,1,1,1,"no"
"520","Ammodramus savannarum","research",2018,1,1,1,"no"
"521","Anas acuta","research",2018,7,1,7,"no"
"522","Anas crecca","research",2018,2,1,2,"no"
"523","Anas platyrhynchos","research",2018,107,0.990740740740741,108,"no"
"524","Anas rubripes","research",2018,14,1,14,"no"
"525","Anas rubripes × platyrhynchos","research",2018,2,1,2,"no"
"526","Anser albifrons","research",2018,2,1,2,"no"
"527","Anser anser × Branta canadensis","research",2018,1,1,1,"no"
"528","Anser caerulescens","research",2018,4,1,4,"no"
"529","Anser rossii","research",2018,3,1,3,"no"
"530","Antigone canadensis","research",2018,1,1,1,"no"
"531","Ardea alba","research",2018,4,1,4,"no"
"532","Ardea herodias","research",2018,29,0.966666666666667,30,"no"
"533","Asio flammeus","research",2018,1,1,1,"no"
"534","Asio otus","research",2018,1,1,1,"no"
"535","Aythya affinis","research",2018,24,1,24,"no"
"536","Aythya americana","research",2018,12,1,12,"no"
"537","Aythya collaris","research",2018,22,0.916666666666667,24,"no"
"538","Aythya fuligula × marila","research",2018,1,1,1,"no"
"539","Aythya marila","research",2018,8,1,8,"no"
"540","Aythya valisineria","research",2018,7,1,7,"no"
"541","Bombycilla cedrorum","research",2018,8,1,8,"no"
"542","Bombycilla garrulus","research",2018,6,0.857142857142857,7,"no"
"543","Bonasa umbellus","research",2018,1,1,1,"no"
"544","Botaurus lentiginosus","research",2018,1,1,1,"no"
"545","Branta canadensis","research",2018,141,0.979166666666667,144,"no"
"546","Branta hutchinsii","research",2018,4,1,4,"no"
"547","Bubo scandiacus","research",2018,14,1,14,"no"
"548","Bubo virginianus","research",2018,12,1,12,"no"
"549","Bucephala albeola","research",2018,31,1,31,"no"
"550","Bucephala clangula","research",2018,32,0.96969696969697,33,"no"
"551","Bucephala islandica","research",2018,10,1,10,"no"
"552","Buteo jamaicensis","research",2018,38,0.95,40,"no"
"553","Buteo lagopus","research",2018,1,1,1,"no"
"554","Buteo platypterus","research",2018,2,1,2,"no"
"555","Butorides virescens","research",2018,1,0.5,2,"no"
"556","Calidris maritima","research",2018,1,1,1,"no"
"557","Calypte anna","research",2018,4,1,4,"no"
"558","Cardinalis cardinalis","research",2018,73,0.935897435897436,78,"no"
"559","Cathartes aura","research",2018,20,0.909090909090909,22,"no"
"560","Catharus guttatus","research",2018,15,1,15,"no"
"561","Certhia americana","research",2018,18,1,18,"no"
"562","Charadrius vociferus","research",2018,22,0.956521739130435,23,"no"
"563","Chroicocephalus philadelphia","research",2018,4,1,4,"no"
"564","Circus hudsonius","research",2018,1,1,1,"no"
"565","Clangula hyemalis","research",2018,36,1,36,"no"
"566","Colaptes auratus","research",2018,25,1,25,"no"
"567","Columba livia","research",2018,22,0.956521739130435,23,"no"
"568","Corvus brachyrhynchos","research",2018,19,0.904761904761905,21,"no"
"569","Corvus caurinus","research",2018,11,0.916666666666667,12,"no"
"570","Corvus corax","research",2018,9,1,9,"no"
"571","Corvus ossifragus","research",2018,1,1,1,"no"
"572","Cyanocitta cristata","research",2018,20,0.869565217391304,23,"no"
"573","Cyanocitta stelleri","research",2018,1,1,1,"no"
"574","Cygnus buccinator","research",2018,15,1,15,"no"
"575","Cygnus columbianus","research",2018,7,0.7,10,"no"
"576","Cygnus olor","research",2018,26,1,26,"no"
"577","Dryobates pubescens","research",2018,63,0.969230769230769,65,"no"
"578","Dryobates villosus","research",2018,36,1,36,"no"
"579","Dryocopus pileatus","research",2018,17,0.894736842105263,19,"no"
"580","Eremophila alpestris","research",2018,1,1,1,"no"
"581","Euphagus carolinus","research",2018,3,1,3,"no"
"582","Falco columbarius","research",2018,6,0.75,8,"no"
"583","Falco peregrinus","research",2018,2,1,2,"no"
"584","Falco sparverius","research",2018,7,1,7,"no"
"585","Fulica americana","research",2018,21,1,21,"no"
"586","Gallinago delicata","research",2018,5,0.833333333333333,6,"no"
"587","Gavia immer","research",2018,13,1,13,"no"
"588","Haemorhous mexicanus","research",2018,33,1,33,"no"
"589","Haemorhous purpureus","research",2018,6,0.857142857142857,7,"no"
"590","Haliaeetus leucocephalus","research",2018,13,0.928571428571429,14,"no"
"591","Himantopus mexicanus","research",2018,2,1,2,"no"
"592","Hirundo rustica","research",2018,6,0.666666666666667,9,"no"
"593","Histrionicus histrionicus","research",2018,3,1,3,"no"
"594","Hydroprogne caspia","research",2018,6,1,6,"no"
"595","Junco hyemalis","research",2018,45,1,45,"no"
"596","Lanius borealis","research",2018,6,1,6,"no"
"597","Larus","research",2018,1,0.111111111111111,9,"no"
"598","Larus argentatus","research",2018,21,0.954545454545455,22,"no"
"599","Larus argentatus × fuscus","research",2018,1,1,1,"no"
"600","Larus californicus","research",2018,1,1,1,"no"
"601","Larus canus","research",2018,2,1,2,"no"
"602","Larus delawarensis","research",2018,55,0.964912280701754,57,"no"
"603","Larus fuscus","research",2018,2,1,2,"no"
"604","Larus glaucescens","research",2018,2,0.285714285714286,7,"no"
"605","Larus glaucoides","research",2018,9,1,9,"no"
"606","Larus hyperboreus","research",2018,4,1,4,"no"
"607","Larus marinus","research",2018,3,1,3,"no"
"608","Leucophaeus pipixcan","research",2018,4,0.8,5,"no"
"609","Lophodytes cucullatus","research",2018,24,0.923076923076923,26,"no"
"610","Loxia leucoptera","research",2018,1,1,1,"no"
"611","Mareca americana","research",2018,21,1,21,"no"
"612","Mareca strepera","research",2018,23,1,23,"no"
"613","Megaceryle alcyon","research",2018,9,0.9,10,"no"
"614","Megascops asio","research",2018,6,1,6,"no"
"615","Melanerpes carolinus","research",2018,18,1,18,"no"
"616","Melanitta americana","research",2018,1,1,1,"no"
"617","Melanitta deglandi","research",2018,8,1,8,"no"
"618","Melanitta perspicillata","research",2018,3,1,3,"no"
"619","Meleagris gallopavo","research",2018,5,1,5,"no"
"620","Melospiza lincolnii","research",2018,1,1,1,"no"
"621","Melospiza melodia","research",2018,55,0.948275862068966,58,"no"
"622","Mergus merganser","research",2018,24,1,24,"no"
"623","Mergus serrator","research",2018,36,0.972972972972973,37,"no"
"624","Mimus polyglottos","research",2018,8,0.888888888888889,9,"no"
"625","Mniotilta varia","research",2018,1,1,1,"no"
"626","Molothrus ater","research",2018,22,1,22,"no"
"627","Nycticorax nycticorax","research",2018,13,0.866666666666667,15,"no"
"628","Oxyura jamaicensis","research",2018,11,0.916666666666667,12,"no"
"629","Pandion haliaetus","research",2018,13,1,13,"no"
"630","Passer domesticus","research",2018,42,1,42,"no"
"631","Passer domesticus × montanus","research",2018,1,1,1,"no"
"632","Passerculus sandwichensis","research",2018,6,1,6,"no"
"633","Passerella iliaca","research",2018,7,1,7,"no"
"634","Passerina cyanea","research",2018,1,1,1,"no"
"635","Pelecanus erythrorhynchos","research",2018,2,1,2,"no"
"636","Phalacrocorax auritus","research",2018,35,1,35,"no"
"637","Phalacrocorax pelagicus","research",2018,1,1,1,"no"
"638","Phasianus colchicus","research",2018,1,1,1,"no"
"639","Pica hudsonia","research",2018,2,1,2,"no"
"640","Pipilo erythrophthalmus","research",2018,2,1,2,"no"
"641","Pipilo maculatus","research",2018,1,0.333333333333333,3,"no"
"642","Plectrophenax nivalis","research",2018,2,1,2,"no"
"643","Plegadis chihi","research",2018,1,1,1,"no"
"644","Podiceps auritus","research",2018,35,0.945945945945946,37,"no"
"645","Podiceps grisegena","research",2018,18,1,18,"no"
"646","Podiceps nigricollis","research",2018,1,1,1,"no"
"647","Podilymbus podiceps","research",2018,5,0.833333333333333,6,"no"
"648","Poecile atricapillus","research",2018,62,0.911764705882353,68,"no"
"649","Poecile hudsonicus","research",2018,1,1,1,"no"
"650","Poecile rufescens","research",2018,1,1,1,"no"
"651","Polioptila caerulea","research",2018,1,1,1,"no"
"652","Pooecetes gramineus","research",2018,8,1,8,"no"
"653","Progne subis","research",2018,3,1,3,"no"
"654","Psaltriparus minimus","research",2018,2,0.4,5,"no"
"655","Quiscalus mexicanus","research",2018,3,1,3,"no"
"656","Quiscalus quiscula","research",2018,30,0.967741935483871,31,"no"
"657","Rallus limicola","research",2018,5,1,5,"no"
"658","Recurvirostra americana","research",2018,2,1,2,"no"
"659","Regulus calendula","research",2018,7,0.7,10,"no"
"660","Regulus satrapa","research",2018,13,1,13,"no"
"661","Sayornis phoebe","research",2018,11,0.916666666666667,12,"no"
"662","Scolopax minor","research",2018,8,0.666666666666667,12,"no"
"663","Setophaga coronata","research",2018,19,0.826086956521739,23,"no"
"664","Setophaga coronata coronata × auduboni","research",2018,1,1,1,"no"
"665","Setophaga pinus","research",2018,5,1,5,"no"
"666","Sialia currucoides","research",2018,2,1,2,"no"
"667","Sialia sialis","research",2018,3,1,3,"no"
"668","Sitta canadensis","research",2018,13,0.928571428571429,14,"no"
"669","Sitta carolinensis","research",2018,42,0.954545454545455,44,"no"
"670","Somateria mollissima","research",2018,1,1,1,"no"
"671","Somateria spectabilis","research",2018,2,1,2,"no"
"672","Spatula clypeata","research",2018,17,0.894736842105263,19,"no"
"673","Spatula cyanoptera","research",2018,1,1,1,"no"
"674","Spatula discors","research",2018,5,1,5,"no"
"675","Sphyrapicus varius","research",2018,14,0.933333333333333,15,"no"
"676","Spinus pinus","research",2018,1,1,1,"no"
"677","Spinus tristis","research",2018,57,0.966101694915254,59,"no"
"678","Spizella passerina","research",2018,14,1,14,"no"
"679","Spizella pusilla","research",2018,5,1,5,"no"
"680","Spizelloides arborea","research",2018,12,0.923076923076923,13,"no"
"681","Stelgidopteryx serripennis","research",2018,4,1,4,"no"
"682","Sterna forsteri","research",2018,2,1,2,"no"
"683","Sterna hirundo","research",2018,2,1,2,"no"
"684","Strix varia","research",2018,2,1,2,"no"
"685","Sturnella magna","research",2018,4,1,4,"no"
"686","Sturnus vulgaris","research",2018,40,0.952380952380952,42,"no"
"687","Tachycineta bicolor","research",2018,16,0.842105263157895,19,"no"
"688","Tachycineta thalassina","research",2018,3,0.6,5,"no"
"689","Thryothorus ludovicianus","research",2018,7,1,7,"no"
"690","Toxostoma rufum","research",2018,4,1,4,"no"
"691","Tringa flavipes","research",2018,5,1,5,"no"
"692","Tringa melanoleuca","research",2018,5,1,5,"no"
"693","Tringa semipalmata","research",2018,1,1,1,"no"
"694","Troglodytes aedon","research",2018,1,1,1,"no"
"695","Troglodytes hiemalis","research",2018,5,1,5,"no"
"696","Troglodytes pacificus","research",2018,1,1,1,"no"
"697","Turdus migratorius","research",2018,101,0.971153846153846,104,"no"
"698","Vireo huttoni","research",2018,1,1,1,"no"
"699","Vireo solitarius","research",2018,1,1,1,"no"
"700","Zenaida macroura","research",2018,31,0.96875,32,"no"
"701","Zonotrichia albicollis","research",2018,14,0.933333333333333,15,"no"
"702","Zonotrichia atricapilla","research",2018,4,1,4,"no"
"703","Zonotrichia leucophrys","research",2018,3,0.75,4,"no"
"704","Acanthis flammea","casual",2019,2,0.0526315789473684,38,"no"
"705","Accipiter cooperii","casual",2019,1,0.0476190476190476,21,"no"
"706","Aegolius acadicus","casual",2019,1,0.166666666666667,6,"no"
"707","Agelaius phoeniceus","casual",2019,4,0.0272108843537415,147,"no"
"708","Aix sponsa","casual",2019,2,0.0384615384615385,52,"no"
"709","Anas","casual",2019,1,1,1,"no"
"710","Anas platyrhynchos","casual",2019,2,0.00943396226415094,212,"no"
"711","Anatidae","casual",2019,1,0.1,10,"no"
"712","Aptenodytes patagonicus","casual",2019,1,1,1,"no"
"713","Ara chloropterus","casual",2019,1,1,1,"no"
"714","Ardea alba","casual",2019,1,0.142857142857143,7,"no"
"715","Ardea herodias","casual",2019,3,0.107142857142857,28,"no"
"716","Aythya collaris","casual",2019,1,0.037037037037037,27,"no"
"717","Bombycilla cedrorum","casual",2019,1,0.0714285714285714,14,"no"
"718","Bombycilla garrulus","casual",2019,1,0.0666666666666667,15,"no"
"719","Botaurus lentiginosus","casual",2019,1,0.25,4,"no"
"720","Branta canadensis","casual",2019,3,0.0126050420168067,238,"no"
"721","Bubo scandiacus","casual",2019,1,0.0769230769230769,13,"no"
"722","Bucephala albeola","casual",2019,1,0.0185185185185185,54,"no"
"723","Buteo jamaicensis","casual",2019,1,0.0277777777777778,36,"no"
"724","Buteo lineatus","casual",2019,1,0.25,4,"no"
"725","Cardinalis cardinalis","casual",2019,5,0.0632911392405063,79,"no"
"726","Cathartes aura","casual",2019,1,0.0344827586206897,29,"no"
"727","Certhia americana","casual",2019,1,0.02,50,"no"
"728","Charadrius vociferus","casual",2019,1,0.0434782608695652,23,"no"
"729","Circus hudsonius","casual",2019,2,0.2,10,"no"
"730","Colaptes","casual",2019,1,1,1,"no"
"731","Colaptes auratus","casual",2019,3,0.0348837209302326,86,"no"
"732","Columba livia","casual",2019,1,0.0166666666666667,60,"no"
"733","Corvus brachyrhynchos","casual",2019,3,0.0357142857142857,84,"no"
"734","Corvus corax","casual",2019,2,0.1,20,"no"
"735","Cyanocitta cristata","casual",2019,4,0.114285714285714,35,"no"
"736","Cygnus buccinator","casual",2019,1,0.04,25,"no"
"737","Cygnus columbianus","casual",2019,1,0.166666666666667,6,"no"
"738","Dromaius novaehollandiae","casual",2019,1,1,1,"no"
"739","Dryobates pubescens","casual",2019,4,0.0307692307692308,130,"no"
"740","Dryobates villosus","casual",2019,2,0.0363636363636364,55,"no"
"741","Eudyptes chrysocome","casual",2019,1,1,1,"no"
"742","Falco columbarius","casual",2019,1,0.1,10,"no"
"743","Falco peregrinus","casual",2019,1,0.0833333333333333,12,"no"
"744","Falco sparverius","casual",2019,2,0.142857142857143,14,"no"
"745","Fringillidae","casual",2019,1,1,1,"no"
"746","Gallinago delicata","casual",2019,1,0.2,5,"no"
"747","Gallus gallus","casual",2019,1,1,1,"no"
"748","Geronticus calvus","casual",2019,1,1,1,"no"
"749","Haemorhous mexicanus","casual",2019,2,0.0416666666666667,48,"no"
"750","Haliaeetus leucocephalus","casual",2019,1,0.0625,16,"no"
"751","Hirundo rustica","casual",2019,2,0.285714285714286,7,"no"
"752","Junco hyemalis","casual",2019,4,0.0454545454545455,88,"no"
"753","Laridae","casual",2019,1,0.25,4,"no"
"754","Larus argentatus","casual",2019,1,0.0416666666666667,24,"no"
"755","Leiothlypis ruficapilla","casual",2019,1,1,1,"no"
"756","Lonchura","casual",2019,1,1,1,"no"
"757","Lonchura striata","casual",2019,1,1,1,"no"
"758","Lophodytes cucullatus","casual",2019,2,0.08,25,"no"
"759","Mareca strepera","casual",2019,1,0.0476190476190476,21,"no"
"760","Megascops asio","casual",2019,1,0.25,4,"no"
"761","Melanerpes carolinus","casual",2019,2,0.105263157894737,19,"no"
"762","Meleagris gallopavo","casual",2019,9,0.225,40,"no"
"763","Melopsittacus undulatus","casual",2019,1,1,1,"no"
"764","Melospiza melodia","casual",2019,3,0.0252100840336134,119,"no"
"765","Mimus polyglottos","casual",2019,1,0.0714285714285714,14,"no"
"766","Molothrus ater","casual",2019,2,0.08,25,"no"
"767","Neochmia ruficauda","casual",2019,1,1,1,"no"
"768","Numida meleagris","casual",2019,1,1,1,"no"
"769","Nycticorax nycticorax","casual",2019,1,0.0769230769230769,13,"no"
"770","Parkesia motacilla","casual",2019,1,1,1,"no"
"771","Passer domesticus","casual",2019,2,0.0229885057471264,87,"no"
"772","Passerella iliaca","casual",2019,1,0.0714285714285714,14,"no"
"773","Passeriformes","casual",2019,1,0.125,8,"no"
"774","Pavo","casual",2019,1,1,1,"no"
"775","Phalacrocorax","casual",2019,1,0.5,2,"no"
"776","Phalacrocorax auritus","casual",2019,1,0.0333333333333333,30,"no"
"777","Phasianus colchicus","casual",2019,1,0.333333333333333,3,"no"
"778","Phoenicopterus roseus","casual",2019,1,1,1,"no"
"779","Pica hudsonia","casual",2019,4,0.0449438202247191,89,"no"
"780","Picidae","casual",2019,1,0.5,2,"no"
"781","Platalea alba","casual",2019,1,1,1,"no"
"782","Podiceps auritus","casual",2019,1,0.025,40,"no"
"783","Poecile atricapillus","casual",2019,4,0.025,160,"no"
"784","Psittacula krameri","casual",2019,1,1,1,"no"
"785","Pygoscelis papua","casual",2019,1,1,1,"no"
"786","Quiscalus","casual",2019,1,1,1,"no"
"787","Regulus calendula","casual",2019,2,0.0571428571428571,35,"no"
"788","Regulus satrapa","casual",2019,2,0.0540540540540541,37,"no"
"789","Sayornis phoebe","casual",2019,3,0.115384615384615,26,"no"
"790","Scolopax minor","casual",2019,2,0.333333333333333,6,"no"
"791","Serinus","casual",2019,1,1,1,"no"
"792","Setophaga pinus","casual",2019,2,0.2,10,"no"
"793","Sitta canadensis","casual",2019,3,0.0810810810810811,37,"no"
"794","Sitta carolinensis","casual",2019,4,0.0449438202247191,89,"no"
"795","Spheniscus humboldti","casual",2019,2,1,2,"no"
"796","Sphyrapicus varius","casual",2019,1,0.04,25,"no"
"797","Spinus tristis","casual",2019,2,0.032258064516129,62,"no"
"798","Spizella passerina","casual",2019,1,0.0625,16,"no"
"799","Strix nebulosa","casual",2019,2,0.4,5,"no"
"800","Struthio camelus","casual",2019,1,1,1,"no"
"801","Sturnidae","casual",2019,1,1,1,"no"
"802","Sturnus vulgaris","casual",2019,2,0.0273972602739726,73,"no"
"803","Taeniopygia guttata","casual",2019,1,1,1,"no"
"804","Toxostoma rufum","casual",2019,1,0.125,8,"no"
"805","Troglodytes hiemalis","casual",2019,2,0.285714285714286,7,"no"
"806","Turdus migratorius","casual",2019,7,0.0358974358974359,195,"no"
"807","Tympanuchus phasianellus","casual",2019,2,0.5,4,"no"
"808","Zenaida macroura","casual",2019,3,0.0625,48,"no"
"809","Zonotrichia albicollis","casual",2019,2,0.0487804878048781,41,"no"
"810","Zonotrichia leucophrys","casual",2019,1,0.0833333333333333,12,"no"
"811","Accipiter","needs_id",2019,1,0.5,2,"no"
"812","Accipitridae","needs_id",2019,2,1,2,"no"
"813","Agelaius phoeniceus","needs_id",2019,2,0.0136054421768707,147,"no"
"814","Anas crecca","needs_id",2019,1,0.0833333333333333,12,"no"
"815","Anas platyrhynchos","needs_id",2019,1,0.00471698113207547,212,"no"
"816","Anatidae","needs_id",2019,9,0.9,10,"no"
"817","Ardea herodias","needs_id",2019,1,0.0357142857142857,28,"no"
"818","Aves","needs_id",2019,26,1,26,"no"
"819","Aythya","needs_id",2019,2,1,2,"no"
"820","Branta canadensis","needs_id",2019,3,0.0126050420168067,238,"no"
"821","Bucephala","needs_id",2019,2,1,2,"no"
"822","Bucephala albeola","needs_id",2019,2,0.037037037037037,54,"no"
"823","Bucephala clangula","needs_id",2019,3,0.0340909090909091,88,"no"
"824","Buteo jamaicensis","needs_id",2019,1,0.0277777777777778,36,"no"
"825","Buteo swainsoni","needs_id",2019,1,0.142857142857143,7,"no"
"826","Calcarius","needs_id",2019,1,1,1,"no"
"827","Calcarius ornatus","needs_id",2019,1,1,1,"no"
"828","Calypte anna","needs_id",2019,1,0.2,5,"no"
"829","Cathartes aura","needs_id",2019,1,0.0344827586206897,29,"no"
"830","Catharus","needs_id",2019,1,1,1,"no"
"831","Charadriiformes","needs_id",2019,1,1,1,"no"
"832","Charadrius vociferus","needs_id",2019,1,0.0434782608695652,23,"no"
"833","Colaptes auratus","needs_id",2019,1,0.0116279069767442,86,"no"
"834","Columbidae","needs_id",2019,1,1,1,"no"
"835","Corvidae","needs_id",2019,1,1,1,"no"
"836","Corvus","needs_id",2019,4,1,4,"no"
"837","Corvus brachyrhynchos","needs_id",2019,6,0.0714285714285714,84,"no"
"838","Corvus corax","needs_id",2019,2,0.1,20,"no"
"839","Cygnus","needs_id",2019,1,1,1,"no"
"840","Dryobates","needs_id",2019,1,0.5,2,"no"
"841","Dryobates pubescens","needs_id",2019,6,0.0461538461538462,130,"no"
"842","Dryobates villosus","needs_id",2019,3,0.0545454545454545,55,"no"
"843","Falco","needs_id",2019,3,1,3,"no"
"844","Haemorhous mexicanus","needs_id",2019,1,0.0208333333333333,48,"no"
"845","Hirundinidae","needs_id",2019,1,1,1,"no"
"846","Laridae","needs_id",2019,3,0.75,4,"no"
"847","Larinae","needs_id",2019,1,1,1,"no"
"848","Larus","needs_id",2019,2,1,2,"no"
"849","Larus delawarensis","needs_id",2019,2,0.0327868852459016,61,"no"
"850","Larus glaucescens","needs_id",2019,2,0.666666666666667,3,"no"
"851","Meleagris gallopavo","needs_id",2019,1,0.025,40,"no"
"852","Melospiza melodia","needs_id",2019,2,0.0168067226890756,119,"no"
"853","Mergus merganser","needs_id",2019,2,0.0285714285714286,70,"no"
"854","Pandionidae","needs_id",2019,2,1,2,"no"
"855","Passer domesticus","needs_id",2019,2,0.0229885057471264,87,"no"
"856","Passeriformes","needs_id",2019,7,0.875,8,"no"
"857","Pelecaniformes","needs_id",2019,1,1,1,"no"
"858","Phalacrocorax","needs_id",2019,1,0.5,2,"no"
"859","Phalacrocorax auritus","needs_id",2019,1,0.0333333333333333,30,"no"
"860","Phasianidae","needs_id",2019,1,1,1,"no"
"861","Pica hudsonia","needs_id",2019,2,0.0224719101123595,89,"no"
"862","Picidae","needs_id",2019,1,0.5,2,"no"
"863","Poecile","needs_id",2019,1,1,1,"no"
"864","Poecile atricapillus","needs_id",2019,1,0.00625,160,"no"
"865","Regulus calendula","needs_id",2019,1,0.0285714285714286,35,"no"
"866","Sayornis phoebe","needs_id",2019,1,0.0384615384615385,26,"no"
"867","Sphyrapicus varius","needs_id",2019,1,0.04,25,"no"
"868","Stelgidopteryx serripennis","needs_id",2019,1,0.125,8,"no"
"869","Tachycineta bicolor","needs_id",2019,1,0.025,40,"no"
"870","Tringa solitaria","needs_id",2019,1,0.333333333333333,3,"no"
"871","Trochilidae","needs_id",2019,1,1,1,"no"
"872","Turdus migratorius","needs_id",2019,3,0.0153846153846154,195,"no"
"873","Acanthis flammea","research",2019,36,0.947368421052632,38,"no"
"874","Accipiter","research",2019,1,0.5,2,"no"
"875","Accipiter cooperii","research",2019,20,0.952380952380952,21,"no"
"876","Accipiter gentilis","research",2019,1,1,1,"no"
"877","Accipiter striatus","research",2019,2,1,2,"no"
"878","Actitis macularius","research",2019,2,1,2,"no"
"879","Aechmophorus occidentalis","research",2019,1,1,1,"no"
"880","Aegolius acadicus","research",2019,5,0.833333333333333,6,"no"
"881","Agelaius phoeniceus","research",2019,141,0.959183673469388,147,"no"
"882","Aix sponsa","research",2019,50,0.961538461538462,52,"no"
"883","Alectoris chukar","research",2019,1,1,1,"no"
"884","Anas acuta","research",2019,6,1,6,"no"
"885","Anas crecca","research",2019,11,0.916666666666667,12,"no"
"886","Anas platyrhynchos","research",2019,209,0.985849056603774,212,"no"
"887","Anas rubripes","research",2019,28,1,28,"no"
"888","Anas rubripes × platyrhynchos","research",2019,2,1,2,"no"
"889","Anser albifrons","research",2019,5,1,5,"no"
"890","Anser anser × Branta canadensis","research",2019,2,1,2,"no"
"891","Anser anser × cygnoides","research",2019,1,1,1,"no"
"892","Anser caerulescens","research",2019,2,1,2,"no"
"893","Anser rossii","research",2019,1,1,1,"no"
"894","Anthus rubescens","research",2019,1,1,1,"no"
"895","Antrostomus vociferus","research",2019,1,1,1,"no"
"896","Ardea alba","research",2019,6,0.857142857142857,7,"no"
"897","Ardea herodias","research",2019,24,0.857142857142857,28,"no"
"898","Asio flammeus","research",2019,1,1,1,"no"
"899","Asio otus","research",2019,2,1,2,"no"
"900","Aythya affinis","research",2019,33,1,33,"no"
"901","Aythya americana","research",2019,27,1,27,"no"
"902","Aythya collaris","research",2019,26,0.962962962962963,27,"no"
"903","Aythya marila","research",2019,26,1,26,"no"
"904","Aythya valisineria","research",2019,11,1,11,"no"
"905","Aythya valisineria × americana","research",2019,1,1,1,"no"
"906","Baeolophus bicolor","research",2019,1,1,1,"no"
"907","Bombycilla cedrorum","research",2019,13,0.928571428571429,14,"no"
"908","Bombycilla garrulus","research",2019,14,0.933333333333333,15,"no"
"909","Bonasa umbellus","research",2019,4,1,4,"no"
"910","Botaurus lentiginosus","research",2019,3,0.75,4,"no"
"911","Branta canadensis","research",2019,232,0.974789915966387,238,"no"
"912","Branta hutchinsii","research",2019,1,1,1,"no"
"913","Bubo scandiacus","research",2019,12,0.923076923076923,13,"no"
"914","Bubo virginianus","research",2019,49,1,49,"no"
"915","Bucephala albeola","research",2019,51,0.944444444444444,54,"no"
"916","Bucephala clangula","research",2019,85,0.965909090909091,88,"no"
"917","Bucephala islandica","research",2019,4,1,4,"no"
"918","Buteo jamaicensis","research",2019,34,0.944444444444444,36,"no"
"919","Buteo lagopus","research",2019,2,1,2,"no"
"920","Buteo lineatus","research",2019,3,0.75,4,"no"
"921","Buteo platypterus","research",2019,2,1,2,"no"
"922","Buteo swainsoni","research",2019,6,0.857142857142857,7,"no"
"923","Calypte anna","research",2019,4,0.8,5,"no"
"924","Cardinalis cardinalis","research",2019,74,0.936708860759494,79,"no"
"925","Cathartes aura","research",2019,27,0.931034482758621,29,"no"
"926","Catharus guttatus","research",2019,26,1,26,"no"
"927","Cepphus grylle","research",2019,2,1,2,"no"
"928","Certhia americana","research",2019,49,0.98,50,"no"
"929","Charadrius vociferus","research",2019,21,0.91304347826087,23,"no"
"930","Chroicocephalus philadelphia","research",2019,3,1,3,"no"
"931","Circus hudsonius","research",2019,8,0.8,10,"no"
"932","Clangula hyemalis","research",2019,44,1,44,"no"
"933","Coccothraustes vespertinus","research",2019,4,1,4,"no"
"934","Colaptes auratus","research",2019,82,0.953488372093023,86,"no"
"935","Columba livia","research",2019,59,0.983333333333333,60,"no"
"936","Coragyps atratus","research",2019,1,1,1,"no"
"937","Corvus brachyrhynchos","research",2019,75,0.892857142857143,84,"no"
"938","Corvus caurinus","research",2019,5,1,5,"no"
"939","Corvus corax","research",2019,16,0.8,20,"no"
"940","Corvus ossifragus","research",2019,1,1,1,"no"
"941","Cyanocitta cristata","research",2019,31,0.885714285714286,35,"no"
"942","Cyanocitta stelleri","research",2019,1,1,1,"no"
"943","Cygnus buccinator","research",2019,24,0.96,25,"no"
"944","Cygnus columbianus","research",2019,5,0.833333333333333,6,"no"
"945","Cygnus olor","research",2019,20,1,20,"no"
"946","Dryobates","research",2019,1,0.5,2,"no"
"947","Dryobates pubescens","research",2019,120,0.923076923076923,130,"no"
"948","Dryobates villosus","research",2019,50,0.909090909090909,55,"no"
"949","Dryocopus pileatus","research",2019,26,1,26,"no"
"950","Eremophila alpestris","research",2019,5,1,5,"no"
"951","Euphagus carolinus","research",2019,2,1,2,"no"
"952","Euphagus cyanocephalus","research",2019,1,1,1,"no"
"953","Falco columbarius","research",2019,9,0.9,10,"no"
"954","Falco peregrinus","research",2019,11,0.916666666666667,12,"no"
"955","Falco sparverius","research",2019,12,0.857142857142857,14,"no"
"956","Fulica americana","research",2019,21,1,21,"no"
"957","Gallinago delicata","research",2019,4,0.8,5,"no"
"958","Gavia immer","research",2019,23,1,23,"no"
"959","Gavia stellata","research",2019,3,1,3,"no"
"960","Geothlypis trichas","research",2019,1,1,1,"no"
"961","Haemorhous mexicanus","research",2019,45,0.9375,48,"no"
"962","Haemorhous purpureus","research",2019,4,1,4,"no"
"963","Haliaeetus leucocephalus","research",2019,15,0.9375,16,"no"
"964","Himantopus mexicanus","research",2019,5,1,5,"no"
"965","Hirundo rustica","research",2019,5,0.714285714285714,7,"no"
"966","Histrionicus histrionicus","research",2019,2,1,2,"no"
"967","Hydrocoloeus minutus","research",2019,1,1,1,"no"
"968","Hydroprogne caspia","research",2019,5,1,5,"no"
"969","Icterus galbula","research",2019,1,1,1,"no"
"970","Junco hyemalis","research",2019,84,0.954545454545455,88,"no"
"971","Lanius borealis","research",2019,3,1,3,"no"
"972","Larus argentatus","research",2019,23,0.958333333333333,24,"no"
"973","Larus californicus","research",2019,2,1,2,"no"
"974","Larus delawarensis","research",2019,59,0.967213114754098,61,"no"
"975","Larus fuscus","research",2019,1,1,1,"no"
"976","Larus glaucescens","research",2019,1,0.333333333333333,3,"no"
"977","Larus glaucoides","research",2019,3,1,3,"no"
"978","Larus marinus","research",2019,10,1,10,"no"
"979","Leiothlypis celata","research",2019,2,1,2,"no"
"980","Leucophaeus pipixcan","research",2019,22,1,22,"no"
"981","Lophodytes cucullatus","research",2019,23,0.92,25,"no"
"982","Loxia leucoptera","research",2019,1,1,1,"no"
"983","Mareca americana","research",2019,31,1,31,"no"
"984","Mareca penelope","research",2019,1,1,1,"no"
"985","Mareca strepera","research",2019,20,0.952380952380952,21,"no"
"986","Megaceryle alcyon","research",2019,13,1,13,"no"
"987","Megascops asio","research",2019,3,0.75,4,"no"
"988","Melanerpes carolinus","research",2019,17,0.894736842105263,19,"no"
"989","Melanitta deglandi","research",2019,20,1,20,"no"
"990","Melanitta perspicillata","research",2019,2,1,2,"no"
"991","Meleagris gallopavo","research",2019,30,0.75,40,"no"
"992","Melospiza georgiana","research",2019,13,1,13,"no"
"993","Melospiza lincolnii","research",2019,13,1,13,"no"
"994","Melospiza melodia","research",2019,114,0.957983193277311,119,"no"
"995","Mergus merganser","research",2019,68,0.971428571428571,70,"no"
"996","Mergus serrator","research",2019,28,1,28,"no"
"997","Mimus polyglottos","research",2019,13,0.928571428571429,14,"no"
"998","Molothrus ater","research",2019,23,0.92,25,"no"
"999","Myadestes townsendi","research",2019,4,1,4,"no"
"1000","Nycticorax nycticorax","research",2019,12,0.923076923076923,13,"no"
"1001","Oxyura jamaicensis","research",2019,12,1,12,"no"
"1002","Pandion haliaetus","research",2019,31,1,31,"no"
"1003","Passer domesticus","research",2019,83,0.954022988505747,87,"no"
"1004","Passerculus sandwichensis","research",2019,17,1,17,"no"
"1005","Passerella iliaca","research",2019,13,0.928571428571429,14,"no"
"1006","Pelecanus erythrorhynchos","research",2019,3,1,3,"no"
"1007","Perdix perdix","research",2019,4,1,4,"no"
"1008","Petrochelidon pyrrhonota","research",2019,9,1,9,"no"
"1009","Phalacrocorax auritus","research",2019,28,0.933333333333333,30,"no"
"1010","Phalacrocorax carbo","research",2019,1,1,1,"no"
"1011","Phasianus colchicus","research",2019,2,0.666666666666667,3,"no"
"1012","Pheucticus ludovicianus","research",2019,1,1,1,"no"
"1013","Pica hudsonia","research",2019,83,0.932584269662921,89,"no"
"1014","Picoides dorsalis","research",2019,4,1,4,"no"
"1015","Pinicola enucleator","research",2019,2,1,2,"no"
"1016","Pipilo erythrophthalmus","research",2019,7,1,7,"no"
"1017","Pipilo maculatus","research",2019,2,1,2,"no"
"1018","Plectrophenax nivalis","research",2019,1,1,1,"no"
"1019","Podiceps auritus","research",2019,39,0.975,40,"no"
"1020","Podiceps grisegena","research",2019,38,1,38,"no"
"1021","Podiceps nigricollis","research",2019,1,1,1,"no"
"1022","Podilymbus podiceps","research",2019,12,1,12,"no"
"1023","Poecile atricapillus","research",2019,155,0.96875,160,"no"
"1024","Poecile rufescens","research",2019,1,1,1,"no"
"1025","Polioptila caerulea","research",2019,1,1,1,"no"
"1026","Pooecetes gramineus","research",2019,1,1,1,"no"
"1027","Progne subis","research",2019,2,1,2,"no"
"1028","Psaltriparus minimus","research",2019,1,1,1,"no"
"1029","Quiscalus quiscula","research",2019,61,1,61,"no"
"1030","Recurvirostra americana","research",2019,12,1,12,"no"
"1031","Regulus calendula","research",2019,32,0.914285714285714,35,"no"
"1032","Regulus satrapa","research",2019,35,0.945945945945946,37,"no"
"1033","Riparia riparia","research",2019,1,1,1,"no"
"1034","Sayornis phoebe","research",2019,22,0.846153846153846,26,"no"
"1035","Sayornis saya","research",2019,2,1,2,"no"
"1036","Scolopax minor","research",2019,4,0.666666666666667,6,"no"
"1037","Setophaga caerulescens","research",2019,1,1,1,"no"
"1038","Setophaga coronata","research",2019,28,1,28,"no"
"1039","Setophaga magnolia","research",2019,1,1,1,"no"
"1040","Setophaga nigrescens","research",2019,1,1,1,"no"
"1041","Setophaga palmarum","research",2019,3,1,3,"no"
"1042","Setophaga petechia","research",2019,1,1,1,"no"
"1043","Setophaga pinus","research",2019,8,0.8,10,"no"
"1044","Setophaga ruticilla","research",2019,2,1,2,"no"
"1045","Sialia currucoides","research",2019,1,1,1,"no"
"1046","Sialia sialis","research",2019,8,1,8,"no"
"1047","Sitta canadensis","research",2019,34,0.918918918918919,37,"no"
"1048","Sitta carolinensis","research",2019,85,0.955056179775281,89,"no"
"1049","Somateria mollissima","research",2019,3,1,3,"no"
"1050","Spatula clypeata","research",2019,19,1,19,"no"
"1051","Spatula cyanoptera","research",2019,5,1,5,"no"
"1052","Spatula discors","research",2019,10,1,10,"no"
"1053","Sphyrapicus nuchalis","research",2019,3,1,3,"no"
"1054","Sphyrapicus varius","research",2019,23,0.92,25,"no"
"1055","Spinus pinus","research",2019,11,1,11,"no"
"1056","Spinus tristis","research",2019,60,0.967741935483871,62,"no"
"1057","Spizella pallida","research",2019,1,1,1,"no"
"1058","Spizella passerina","research",2019,15,0.9375,16,"no"
"1059","Spizella pusilla","research",2019,6,1,6,"no"
"1060","Spizelloides arborea","research",2019,33,1,33,"no"
"1061","Stelgidopteryx serripennis","research",2019,7,0.875,8,"no"
"1062","Sterna hirundo","research",2019,1,1,1,"no"
"1063","Streptopelia decaocto","research",2019,4,1,4,"no"
"1064","Strix nebulosa","research",2019,3,0.6,5,"no"
"1065","Strix varia","research",2019,15,1,15,"no"
"1066","Sturnella magna","research",2019,8,1,8,"no"
"1067","Sturnella neglecta","research",2019,6,1,6,"no"
"1068","Sturnus vulgaris","research",2019,71,0.972602739726027,73,"no"
"1069","Tachycineta bicolor","research",2019,39,0.975,40,"no"
"1070","Tachycineta thalassina","research",2019,1,1,1,"no"
"1071","Thryothorus ludovicianus","research",2019,3,1,3,"no"
"1072","Toxostoma rufum","research",2019,7,0.875,8,"no"
"1073","Tringa flavipes","research",2019,4,1,4,"no"
"1074","Tringa melanoleuca","research",2019,6,1,6,"no"
"1075","Tringa solitaria","research",2019,2,0.666666666666667,3,"no"
"1076","Troglodytes aedon","research",2019,1,1,1,"no"
"1077","Troglodytes hiemalis","research",2019,5,0.714285714285714,7,"no"
"1078","Turdus migratorius","research",2019,185,0.948717948717949,195,"no"
"1079","Tympanuchus phasianellus","research",2019,2,0.5,4,"no"
"1080","Tyrannus tyrannus","research",2019,1,1,1,"no"
"1081","Tyto alba","research",2019,1,1,1,"no"
"1082","Xanthocephalus xanthocephalus","research",2019,2,1,2,"no"
"1083","Zenaida macroura","research",2019,45,0.9375,48,"no"
"1084","Zonotrichia albicollis","research",2019,39,0.951219512195122,41,"no"
"1085","Zonotrichia leucophrys","research",2019,11,0.916666666666667,12,"no"
"1086","Zonotrichia querula","research",2019,1,1,1,"no"
"1087","Accipiter cooperii","casual",2020,2,0.0273972602739726,73,"yes"
"1088","Accipiter gentilis","casual",2020,1,0.2,5,"yes"
"1089","Accipitridae","casual",2020,1,0.25,4,"yes"
"1090","Accipitriformes","casual",2020,1,0.333333333333333,3,"yes"
"1091","Agelaius phoeniceus","casual",2020,6,0.0189274447949527,317,"yes"
"1092","Aix × anas","casual",2020,1,1,1,"yes"
"1093","Aix sponsa","casual",2020,2,0.015625,128,"yes"
"1094","Anas platyrhynchos","casual",2020,4,0.00636942675159236,628,"yes"
"1095","Antigone canadensis","casual",2020,2,0.4,5,"yes"
"1096","Ardea herodias","casual",2020,5,0.036231884057971,138,"yes"
"1097","Aves","casual",2020,3,0.0555555555555556,54,"yes"
"1098","Aythya marila","casual",2020,1,0.0277777777777778,36,"yes"
"1099","Bombycilla cedrorum","casual",2020,1,0.0476190476190476,21,"yes"
"1100","Bombycilla garrulus","casual",2020,2,0.0289855072463768,69,"yes"
"1101","Bonasa umbellus","casual",2020,1,0.142857142857143,7,"yes"
"1102","Branta canadensis","casual",2020,5,0.0103950103950104,481,"yes"
"1103","Bucephala albeola","casual",2020,3,0.0263157894736842,114,"yes"
"1104","Bucephala clangula","casual",2020,1,0.00641025641025641,156,"yes"
"1105","Bucephala islandica","casual",2020,1,0.111111111111111,9,"yes"
"1106","Buteo jamaicensis","casual",2020,4,0.0444444444444444,90,"yes"
"1107","Buteo lineatus","casual",2020,3,0.428571428571429,7,"yes"
"1108","Cacatuidae","casual",2020,1,1,1,"yes"
"1109","Cairina moschata","casual",2020,1,1,1,"yes"
"1110","Calypte anna","casual",2020,1,0.0454545454545455,22,"yes"
"1111","Cardinalis cardinalis","casual",2020,11,0.0495495495495495,222,"yes"
"1112","Cathartes aura","casual",2020,4,0.08,50,"yes"
"1113","Catharus guttatus","casual",2020,1,0.0136986301369863,73,"yes"
"1114","Certhia americana","casual",2020,1,0.0232558139534884,43,"yes"
"1115","Charadrius vociferus","casual",2020,1,0.0192307692307692,52,"yes"
"1116","Chroicocephalus philadelphia","casual",2020,1,0.25,4,"yes"
"1117","Circus hudsonius","casual",2020,1,0.111111111111111,9,"yes"
"1118","Colaptes auratus","casual",2020,6,0.0346820809248555,173,"yes"
"1119","Contopus virens","casual",2020,1,1,1,"yes"
"1120","Corvidae","casual",2020,2,0.5,4,"yes"
"1121","Corvus","casual",2020,7,0.175,40,"yes"
"1122","Corvus brachyrhynchos","casual",2020,3,0.0180722891566265,166,"yes"
"1123","Corvus caurinus","casual",2020,3,0.0517241379310345,58,"yes"
"1124","Corvus corax","casual",2020,3,0.0612244897959184,49,"yes"
"1125","Cyanocitta","casual",2020,1,1,1,"yes"
"1126","Cyanocitta cristata","casual",2020,4,0.0476190476190476,84,"yes"
"1127","Cyanocitta stelleri","casual",2020,1,0.111111111111111,9,"yes"
"1128","Cygnus buccinator","casual",2020,1,0.0175438596491228,57,"yes"
"1129","Dryobates pubescens","casual",2020,4,0.018957345971564,211,"yes"
"1130","Dryobates villosus","casual",2020,3,0.0294117647058824,102,"yes"
"1131","Dryocopus pileatus","casual",2020,1,0.0169491525423729,59,"yes"
"1132","Falco columbarius","casual",2020,11,0.234042553191489,47,"yes"
"1133","Falco sparverius","casual",2020,1,0.0555555555555556,18,"yes"
"1134","Haemorhous mexicanus","casual",2020,5,0.040983606557377,122,"yes"
"1135","Haliaeetus leucocephalus","casual",2020,4,0.0476190476190476,84,"yes"
"1136","Junco hyemalis","casual",2020,9,0.0552147239263804,163,"yes"
"1137","Larinae","casual",2020,2,0.117647058823529,17,"yes"
"1138","Larus delawarensis","casual",2020,1,0.00632911392405063,158,"yes"
"1139","Lophodytes cucullatus","casual",2020,4,0.0338983050847458,118,"yes"
"1140","Mareca americana","casual",2020,1,0.0105263157894737,95,"yes"
"1141","Mareca strepera","casual",2020,1,0.025,40,"yes"
"1142","Megaceryle alcyon","casual",2020,3,0.15,20,"yes"
"1143","Megascops asio","casual",2020,1,0.0666666666666667,15,"yes"
"1144","Meleagris gallopavo","casual",2020,1,0.03125,32,"yes"
"1145","Melopsittacus undulatus","casual",2020,2,1,2,"yes"
"1146","Melospiza melodia","casual",2020,6,0.0262008733624454,229,"yes"
"1147","Mergus merganser","casual",2020,2,0.0143884892086331,139,"yes"
"1148","Molothrus","casual",2020,1,1,1,"yes"
"1149","Pandion haliaetus","casual",2020,3,0.0545454545454545,55,"yes"
"1150","Pandionidae","casual",2020,2,1,2,"yes"
"1151","Paridae","casual",2020,1,0.5,2,"yes"
"1152","Passer","casual",2020,1,1,1,"yes"
"1153","Passer domesticus","casual",2020,6,0.0315789473684211,190,"yes"
"1154","Passerella iliaca","casual",2020,2,0.1,20,"yes"
"1155","Passeriformes","casual",2020,1,0.0434782608695652,23,"yes"
"1156","Patagioenas leucocephala","casual",2020,1,1,1,"yes"
"1157","Pavo cristatus","casual",2020,2,1,2,"yes"
"1158","Perdix perdix","casual",2020,1,0.111111111111111,9,"yes"
"1159","Phalacrocoracidae","casual",2020,1,1,1,"yes"
"1160","Phalacrocorax auritus","casual",2020,1,0.0108695652173913,92,"yes"
"1161","Phasianus colchicus","casual",2020,2,0.153846153846154,13,"yes"
"1162","Pica","casual",2020,2,1,2,"yes"
"1163","Pica hudsonia","casual",2020,3,0.0252100840336134,119,"yes"
"1164","Picidae","casual",2020,2,0.4,5,"yes"
"1165","Podilymbus podiceps","casual",2020,1,0.0454545454545455,22,"yes"
"1166","Poecile","casual",2020,2,0.5,4,"yes"
"1167","Poecile atricapillus","casual",2020,13,0.0451388888888889,288,"yes"
"1168","Porzana carolina","casual",2020,1,1,1,"yes"
"1169","Psaltriparus minimus","casual",2020,1,0.166666666666667,6,"yes"
"1170","Quiscalus quiscula","casual",2020,2,0.0178571428571429,112,"yes"
"1171","Regulus calendula","casual",2020,2,0.028169014084507,71,"yes"
"1172","Regulus satrapa","casual",2020,1,0.0232558139534884,43,"yes"
"1173","Sayornis phoebe","casual",2020,1,0.0149253731343284,67,"yes"
"1174","Scolopacidae","casual",2020,1,1,1,"yes"
"1175","Scolopax minor","casual",2020,2,0.166666666666667,12,"yes"
"1176","Selasphorus rufus","casual",2020,1,0.2,5,"yes"
"1177","Setophaga pinus","casual",2020,1,0.111111111111111,9,"yes"
"1178","Sialia sialis","casual",2020,1,0.142857142857143,7,"yes"
"1179","Sitta canadensis","casual",2020,4,0.0833333333333333,48,"yes"
"1180","Sitta carolinensis","casual",2020,5,0.0462962962962963,108,"yes"
"1181","Sittidae","casual",2020,1,1,1,"yes"
"1182","Spatula clypeata","casual",2020,1,0.0163934426229508,61,"yes"
"1183","Sphyrapicus varius","casual",2020,3,0.0576923076923077,52,"yes"
"1184","Spinus tristis","casual",2020,5,0.0303030303030303,165,"yes"
"1185","Spizelloides arborea","casual",2020,1,0.0227272727272727,44,"yes"
"1186","Sterna hirundo","casual",2020,1,0.5,2,"yes"
"1187","Strix varia","casual",2020,3,0.333333333333333,9,"yes"
"1188","Sturnidae","casual",2020,1,1,1,"yes"
"1189","Sturnus vulgaris","casual",2020,5,0.0314465408805031,159,"yes"
"1190","Tachycineta bicolor","casual",2020,1,0.0181818181818182,55,"yes"
"1191","Toxostoma rufum","casual",2020,1,0.166666666666667,6,"yes"
"1192","Troglodytes hiemalis","casual",2020,2,0.153846153846154,13,"yes"
"1193","Turdus migratorius","casual",2020,24,0.0415944540727903,577,"yes"
"1194","Zenaida macroura","casual",2020,2,0.0222222222222222,90,"yes"
"1195","Zonotrichia leucophrys","casual",2020,2,0.0869565217391304,23,"yes"
"1196","Accipiter","needs_id",2020,12,0.923076923076923,13,"yes"
"1197","Accipiter cooperii","needs_id",2020,4,0.0547945205479452,73,"yes"
"1198","Accipiter striatus","needs_id",2020,1,0.0769230769230769,13,"yes"
"1199","Accipitridae","needs_id",2020,3,0.75,4,"yes"
"1200","Accipitriformes","needs_id",2020,2,0.666666666666667,3,"yes"
"1201","Agelaius phoeniceus","needs_id",2020,9,0.028391167192429,317,"yes"
"1202","Anas","needs_id",2020,7,0.875,8,"yes"
"1203","Anas crecca","needs_id",2020,2,0.0571428571428571,35,"yes"
"1204","Anas platyrhynchos","needs_id",2020,3,0.00477707006369427,628,"yes"
"1205","Anas rubripes","needs_id",2020,1,0.0555555555555556,18,"yes"
"1206","Anatidae","needs_id",2020,8,1,8,"yes"
"1207","Anser albifrons × branta canadensis","needs_id",2020,1,1,1,"yes"
"1208","Anseriformes","needs_id",2020,1,1,1,"yes"
"1209","Ardea herodias","needs_id",2020,3,0.0217391304347826,138,"yes"
"1210","Aves","needs_id",2020,51,0.944444444444444,54,"yes"
"1211","Aythya","needs_id",2020,6,1,6,"yes"
"1212","Aythya affinis","needs_id",2020,2,0.0444444444444444,45,"yes"
"1213","Aythya collaris","needs_id",2020,1,0.0196078431372549,51,"yes"
"1214","Aythya marila","needs_id",2020,2,0.0555555555555556,36,"yes"
"1215","Bombycilla cedrorum","needs_id",2020,3,0.142857142857143,21,"yes"
"1216","Bombycilla garrulus","needs_id",2020,4,0.0579710144927536,69,"yes"
"1217","Bonasa umbellus","needs_id",2020,1,0.142857142857143,7,"yes"
"1218","Branta","needs_id",2020,2,1,2,"yes"
"1219","Branta canadensis","needs_id",2020,6,0.0124740124740125,481,"yes"
"1220","Branta hutchinsii","needs_id",2020,1,0.166666666666667,6,"yes"
"1221","Bubo virginianus","needs_id",2020,2,0.0512820512820513,39,"yes"
"1222","Bucephala","needs_id",2020,2,1,2,"yes"
"1223","Bucephala albeola","needs_id",2020,1,0.0087719298245614,114,"yes"
"1224","Bucephala clangula","needs_id",2020,4,0.0256410256410256,156,"yes"
"1225","Bucephala islandica","needs_id",2020,1,0.111111111111111,9,"yes"
"1226","Buteo","needs_id",2020,1,1,1,"yes"
"1227","Buteo jamaicensis","needs_id",2020,4,0.0444444444444444,90,"yes"
"1228","Buteo swainsoni","needs_id",2020,1,0.2,5,"yes"
"1229","Calidris minutilla","needs_id",2020,4,0.666666666666667,6,"yes"
"1230","Calypte anna","needs_id",2020,5,0.227272727272727,22,"yes"
"1231","Cardinalidae","needs_id",2020,1,1,1,"yes"
"1232","Cardinalis cardinalis","needs_id",2020,3,0.0135135135135135,222,"yes"
"1233","Cathartes aura","needs_id",2020,2,0.04,50,"yes"
"1234","Catharus guttatus","needs_id",2020,2,0.0273972602739726,73,"yes"
"1235","Certhia americana","needs_id",2020,1,0.0232558139534884,43,"yes"
"1236","Colaptes auratus","needs_id",2020,2,0.0115606936416185,173,"yes"
"1237","Columbidae","needs_id",2020,1,1,1,"yes"
"1238","Corvidae","needs_id",2020,2,0.5,4,"yes"
"1239","Corvus","needs_id",2020,33,0.825,40,"yes"
"1240","Corvus brachyrhynchos","needs_id",2020,35,0.210843373493976,166,"yes"
"1241","Corvus caurinus","needs_id",2020,28,0.482758620689655,58,"yes"
"1242","Corvus corax","needs_id",2020,9,0.183673469387755,49,"yes"
"1243","Cygnus","needs_id",2020,2,1,2,"yes"
"1244","Cygnus buccinator","needs_id",2020,2,0.0350877192982456,57,"yes"
"1245","Cygnus olor","needs_id",2020,1,0.0217391304347826,46,"yes"
"1246","Dryobates","needs_id",2020,7,1,7,"yes"
"1247","Dryobates pubescens","needs_id",2020,11,0.0521327014218009,211,"yes"
"1248","Dryobates villosus","needs_id",2020,11,0.107843137254902,102,"yes"
"1249","Dryocopus pileatus","needs_id",2020,3,0.0508474576271186,59,"yes"
"1250","Empidonax hammondii","needs_id",2020,2,0.333333333333333,6,"yes"
"1251","Euphagus carolinus","needs_id",2020,1,0.5,2,"yes"
"1252","Falco columbarius","needs_id",2020,4,0.0851063829787234,47,"yes"
"1253","Falco peregrinus","needs_id",2020,1,0.0909090909090909,11,"yes"
"1254","Falco sparverius","needs_id",2020,2,0.111111111111111,18,"yes"
"1255","Falconiformes","needs_id",2020,1,1,1,"yes"
"1256","Haemorhous mexicanus","needs_id",2020,4,0.0327868852459016,122,"yes"
"1257","Haemorhous purpureus","needs_id",2020,3,0.111111111111111,27,"yes"
"1258","Haliaeetus leucocephalus","needs_id",2020,1,0.0119047619047619,84,"yes"
"1259","Hirundinidae","needs_id",2020,1,1,1,"yes"
"1260","Icteridae","needs_id",2020,3,1,3,"yes"
"1261","Lanius","needs_id",2020,1,1,1,"yes"
"1262","Larinae","needs_id",2020,15,0.882352941176471,17,"yes"
"1263","Larus","needs_id",2020,16,0.941176470588235,17,"yes"
"1264","Larus argentatus","needs_id",2020,7,0.145833333333333,48,"yes"
"1265","Larus californicus","needs_id",2020,4,0.181818181818182,22,"yes"
"1266","Larus delawarensis","needs_id",2020,11,0.069620253164557,158,"yes"
"1267","Larus glaucescens","needs_id",2020,5,0.416666666666667,12,"yes"
"1268","Larus glaucoides","needs_id",2020,2,0.285714285714286,7,"yes"
"1269","Limosa fedoa","needs_id",2020,1,0.5,2,"yes"
"1270","Lophodytes cucullatus","needs_id",2020,1,0.00847457627118644,118,"yes"
"1271","Mareca americana × penelope","needs_id",2020,1,1,1,"yes"
"1272","Melanitta americana","needs_id",2020,1,1,1,"yes"
"1273","Meleagris gallopavo","needs_id",2020,1,0.03125,32,"yes"
"1274","Melospiza melodia","needs_id",2020,3,0.0131004366812227,229,"yes"
"1275","Mergus","needs_id",2020,1,1,1,"yes"
"1276","Mergus serrator","needs_id",2020,1,0.0188679245283019,53,"yes"
"1277","Mimus polyglottos","needs_id",2020,1,0.0666666666666667,15,"yes"
"1278","Numenius phaeopus","needs_id",2020,1,0.142857142857143,7,"yes"
"1279","Paridae","needs_id",2020,1,0.5,2,"yes"
"1280","Parulidae","needs_id",2020,2,1,2,"yes"
"1281","Passer domesticus","needs_id",2020,5,0.0263157894736842,190,"yes"
"1282","Passerella iliaca","needs_id",2020,2,0.1,20,"yes"
"1283","Passerellidae","needs_id",2020,3,1,3,"yes"
"1284","Passeriformes","needs_id",2020,22,0.956521739130435,23,"yes"
"1285","Pelecanus erythrorhynchos","needs_id",2020,1,0.111111111111111,9,"yes"
"1286","Perdix perdix","needs_id",2020,1,0.111111111111111,9,"yes"
"1287","Phalacrocorax","needs_id",2020,2,1,2,"yes"
"1288","Phalacrocorax auritus","needs_id",2020,5,0.0543478260869565,92,"yes"
"1289","Pica hudsonia","needs_id",2020,2,0.0168067226890756,119,"yes"
"1290","Picidae","needs_id",2020,3,0.6,5,"yes"
"1291","Piciformes","needs_id",2020,2,1,2,"yes"
"1292","Pinicola enucleator","needs_id",2020,1,0.25,4,"yes"
"1293","Pipilo erythrophthalmus","needs_id",2020,1,0.1,10,"yes"
"1294","Podiceps grisegena","needs_id",2020,1,0.024390243902439,41,"yes"
"1295","Poecile","needs_id",2020,2,0.5,4,"yes"
"1296","Poecile atricapillus","needs_id",2020,1,0.00347222222222222,288,"yes"
"1297","Poecile gambeli","needs_id",2020,1,0.333333333333333,3,"yes"
"1298","Quiscalus quiscula","needs_id",2020,2,0.0178571428571429,112,"yes"
"1299","Regulus calendula","needs_id",2020,1,0.0140845070422535,71,"yes"
"1300","Regulus satrapa","needs_id",2020,1,0.0232558139534884,43,"yes"
"1301","Sayornis phoebe","needs_id",2020,1,0.0149253731343284,67,"yes"
"1302","Setophaga pinus","needs_id",2020,1,0.111111111111111,9,"yes"
"1303","Sitta carolinensis","needs_id",2020,2,0.0185185185185185,108,"yes"
"1304","Sphyrapicus varius","needs_id",2020,1,0.0192307692307692,52,"yes"
"1305","Spinus tristis","needs_id",2020,2,0.0121212121212121,165,"yes"
"1306","Strigiformes","needs_id",2020,4,1,4,"yes"
"1307","Sturnus vulgaris","needs_id",2020,5,0.0314465408805031,159,"yes"
"1308","Tachycineta bicolor","needs_id",2020,3,0.0545454545454545,55,"yes"
"1309","Tachycineta thalassina","needs_id",2020,1,0.25,4,"yes"
"1310","Thryothorus ludovicianus","needs_id",2020,1,0.166666666666667,6,"yes"
"1311","Tringa melanoleuca","needs_id",2020,2,0.117647058823529,17,"yes"
"1312","Trochilidae","needs_id",2020,2,1,2,"yes"
"1313","Troglodytes pacificus","needs_id",2020,1,0.333333333333333,3,"yes"
"1314","Turdidae","needs_id",2020,1,1,1,"yes"
"1315","Turdus","needs_id",2020,1,1,1,"yes"
"1316","Turdus migratorius","needs_id",2020,9,0.0155979202772964,577,"yes"
"1317","Tyrannus tyrannus","needs_id",2020,1,1,1,"yes"
"1318","Vireo","needs_id",2020,2,1,2,"yes"
"1319","Zenaida macroura","needs_id",2020,2,0.0222222222222222,90,"yes"
"1320","Zonotrichia albicollis","needs_id",2020,1,0.0222222222222222,45,"yes"
"1321","Acanthis flammea","research",2020,1,1,1,"yes"
"1322","Accipiter","research",2020,1,0.0769230769230769,13,"yes"
"1323","Accipiter cooperii","research",2020,67,0.917808219178082,73,"yes"
"1324","Accipiter gentilis","research",2020,4,0.8,5,"yes"
"1325","Accipiter striatus","research",2020,12,0.923076923076923,13,"yes"
"1326","Actitis macularius","research",2020,1,1,1,"yes"
"1327","Aegolius acadicus","research",2020,2,1,2,"yes"
"1328","Aegolius funereus","research",2020,1,1,1,"yes"
"1329","Agelaius phoeniceus","research",2020,302,0.952681388012618,317,"yes"
"1330","Aix sponsa","research",2020,126,0.984375,128,"yes"
"1331","Anas","research",2020,1,0.125,8,"yes"
"1332","Anas acuta","research",2020,17,1,17,"yes"
"1333","Anas crecca","research",2020,33,0.942857142857143,35,"yes"
"1334","Anas platyrhynchos","research",2020,621,0.988853503184713,628,"yes"
"1335","Anas platyrhynchos × acuta","research",2020,1,1,1,"yes"
"1336","Anas rubripes","research",2020,17,0.944444444444444,18,"yes"
"1337","Anas rubripes × platyrhynchos","research",2020,6,1,6,"yes"
"1338","Anser albifrons","research",2020,4,1,4,"yes"
"1339","Anser anser × Branta canadensis","research",2020,6,1,6,"yes"
"1340","Anser caerulescens","research",2020,6,1,6,"yes"
"1341","Anser caerulescens × branta canadensis","research",2020,1,1,1,"yes"
"1342","Anser rossii","research",2020,1,1,1,"yes"
"1343","Antigone canadensis","research",2020,3,0.6,5,"yes"
"1344","Ardea alba","research",2020,12,1,12,"yes"
"1345","Ardea herodias","research",2020,130,0.942028985507246,138,"yes"
"1346","Aythya affinis","research",2020,43,0.955555555555556,45,"yes"
"1347","Aythya americana","research",2020,26,1,26,"yes"
"1348","Aythya collaris","research",2020,50,0.980392156862745,51,"yes"
"1349","Aythya fuligula × marila","research",2020,1,1,1,"yes"
"1350","Aythya marila","research",2020,33,0.916666666666667,36,"yes"
"1351","Aythya valisineria","research",2020,18,1,18,"yes"
"1352","Baeolophus bicolor","research",2020,1,1,1,"yes"
"1353","Bombycilla cedrorum","research",2020,17,0.80952380952381,21,"yes"
"1354","Bombycilla garrulus","research",2020,63,0.91304347826087,69,"yes"
"1355","Bonasa umbellus","research",2020,5,0.714285714285714,7,"yes"
"1356","Botaurus lentiginosus","research",2020,2,1,2,"yes"
"1357","Branta canadensis","research",2020,470,0.977130977130977,481,"yes"
"1358","Branta hutchinsii","research",2020,5,0.833333333333333,6,"yes"
"1359","Bubo scandiacus","research",2020,9,1,9,"yes"
"1360","Bubo virginianus","research",2020,37,0.948717948717949,39,"yes"
"1361","Bucephala albeola","research",2020,110,0.964912280701754,114,"yes"
"1362","Bucephala albeola × clangula","research",2020,1,1,1,"yes"
"1363","Bucephala clangula","research",2020,151,0.967948717948718,156,"yes"
"1364","Bucephala clangula × islandica","research",2020,1,1,1,"yes"
"1365","Bucephala clangula × lophodytes cucullatus","research",2020,1,1,1,"yes"
"1366","Bucephala islandica","research",2020,7,0.777777777777778,9,"yes"
"1367","Buteo jamaicensis","research",2020,82,0.911111111111111,90,"yes"
"1368","Buteo lagopus","research",2020,2,1,2,"yes"
"1369","Buteo lineatus","research",2020,4,0.571428571428571,7,"yes"
"1370","Buteo platypterus","research",2020,3,1,3,"yes"
"1371","Buteo swainsoni","research",2020,4,0.8,5,"yes"
"1372","Butorides virescens","research",2020,1,1,1,"yes"
"1373","Calcarius lapponicus","research",2020,1,1,1,"yes"
"1374","Calidris alpina","research",2020,1,1,1,"yes"
"1375","Calidris maritima","research",2020,1,1,1,"yes"
"1376","Calidris mauri","research",2020,1,1,1,"yes"
"1377","Calidris minutilla","research",2020,2,0.333333333333333,6,"yes"
"1378","Calypte anna","research",2020,16,0.727272727272727,22,"yes"
"1379","Cardellina pusilla","research",2020,3,1,3,"yes"
"1380","Cardinalis cardinalis","research",2020,208,0.936936936936937,222,"yes"
"1381","Cathartes aura","research",2020,44,0.88,50,"yes"
"1382","Catharus guttatus","research",2020,70,0.958904109589041,73,"yes"
"1383","Catharus ustulatus","research",2020,1,1,1,"yes"
"1384","Cepphus grylle","research",2020,2,1,2,"yes"
"1385","Certhia americana","research",2020,41,0.953488372093023,43,"yes"
"1386","Chaetura vauxi","research",2020,1,1,1,"yes"
"1387","Charadrius vociferus","research",2020,51,0.980769230769231,52,"yes"
"1388","Chroicocephalus philadelphia","research",2020,3,0.75,4,"yes"
"1389","Cinclus mexicanus","research",2020,4,1,4,"yes"
"1390","Circus hudsonius","research",2020,8,0.888888888888889,9,"yes"
"1391","Cistothorus palustris","research",2020,1,1,1,"yes"
"1392","Clangula hyemalis","research",2020,41,1,41,"yes"
"1393","Colaptes auratus","research",2020,165,0.953757225433526,173,"yes"
"1394","Columba livia","research",2020,103,1,103,"yes"
"1395","Contopus cooperi","research",2020,2,1,2,"yes"
"1396","Contopus sordidulus","research",2020,1,1,1,"yes"
"1397","Corvus brachyrhynchos","research",2020,128,0.771084337349398,166,"yes"
"1398","Corvus caurinus","research",2020,27,0.46551724137931,58,"yes"
"1399","Corvus corax","research",2020,37,0.755102040816326,49,"yes"
"1400","Corvus ossifragus","research",2020,2,1,2,"yes"
"1401","Cyanocitta cristata","research",2020,80,0.952380952380952,84,"yes"
"1402","Cyanocitta stelleri","research",2020,8,0.888888888888889,9,"yes"
"1403","Cygnus buccinator","research",2020,54,0.947368421052632,57,"yes"
"1404","Cygnus columbianus","research",2020,11,1,11,"yes"
"1405","Cygnus olor","research",2020,45,0.978260869565217,46,"yes"
"1406","Dryobates pubescens","research",2020,196,0.928909952606635,211,"yes"
"1407","Dryobates villosus","research",2020,88,0.862745098039216,102,"yes"
"1408","Dryocopus pileatus","research",2020,55,0.932203389830508,59,"yes"
"1409","Empidonax difficilis","research",2020,1,1,1,"yes"
"1410","Empidonax hammondii","research",2020,4,0.666666666666667,6,"yes"
"1411","Empidonax oberholseri","research",2020,1,1,1,"yes"
"1412","Eremophila alpestris","research",2020,4,1,4,"yes"
"1413","Euphagus carolinus","research",2020,1,0.5,2,"yes"
"1414","Falco columbarius","research",2020,32,0.680851063829787,47,"yes"
"1415","Falco peregrinus","research",2020,10,0.909090909090909,11,"yes"
"1416","Falco sparverius","research",2020,15,0.833333333333333,18,"yes"
"1417","Fulica americana","research",2020,73,1,73,"yes"
"1418","Gallinago delicata","research",2020,6,1,6,"yes"
"1419","Gavia immer","research",2020,40,1,40,"yes"
"1420","Gavia stellata","research",2020,1,1,1,"yes"
"1421","Geothlypis trichas","research",2020,3,1,3,"yes"
"1422","Glaucidium gnoma","research",2020,1,1,1,"yes"
"1423","Haemorhous","research",2020,1,1,1,"yes"
"1424","Haemorhous mexicanus","research",2020,113,0.926229508196721,122,"yes"
"1425","Haemorhous purpureus","research",2020,24,0.888888888888889,27,"yes"
"1426","Haliaeetus leucocephalus","research",2020,79,0.94047619047619,84,"yes"
"1427","Helmitheros vermivorum","research",2020,6,1,6,"yes"
"1428","Himantopus mexicanus","research",2020,15,1,15,"yes"
"1429","Hirundo rustica","research",2020,7,1,7,"yes"
"1430","Histrionicus histrionicus","research",2020,7,1,7,"yes"
"1431","Hydroprogne caspia","research",2020,4,1,4,"yes"
"1432","Hylocichla mustelina","research",2020,2,1,2,"yes"
"1433","Ixoreus naevius","research",2020,12,1,12,"yes"
"1434","Junco hyemalis","research",2020,154,0.94478527607362,163,"yes"
"1435","Lanius borealis","research",2020,9,1,9,"yes"
"1436","Larus","research",2020,1,0.0588235294117647,17,"yes"
"1437","Larus argentatus","research",2020,41,0.854166666666667,48,"yes"
"1438","Larus argentatus × hyperboreus","research",2020,1,1,1,"yes"
"1439","Larus californicus","research",2020,18,0.818181818181818,22,"yes"
"1440","Larus delawarensis","research",2020,146,0.924050632911392,158,"yes"
"1441","Larus fuscus","research",2020,3,1,3,"yes"
"1442","Larus glaucescens","research",2020,7,0.583333333333333,12,"yes"
"1443","Larus glaucoides","research",2020,5,0.714285714285714,7,"yes"
"1444","Larus hyperboreus","research",2020,1,1,1,"yes"
"1445","Larus marinus","research",2020,4,1,4,"yes"
"1446","Leiothlypis celata","research",2020,6,1,6,"yes"
"1447","Leiothlypis ruficapilla","research",2020,1,1,1,"yes"
"1448","Leucophaeus pipixcan","research",2020,25,1,25,"yes"
"1449","Limosa fedoa","research",2020,1,0.5,2,"yes"
"1450","Lophodytes cucullatus","research",2020,113,0.957627118644068,118,"yes"
"1451","Mareca americana","research",2020,94,0.989473684210526,95,"yes"
"1452","Mareca penelope","research",2020,8,1,8,"yes"
"1453","Mareca strepera","research",2020,39,0.975,40,"yes"
"1454","Megaceryle alcyon","research",2020,17,0.85,20,"yes"
"1455","Megascops asio","research",2020,14,0.933333333333333,15,"yes"
"1456","Melanerpes carolinus","research",2020,15,1,15,"yes"
"1457","Melanitta deglandi","research",2020,15,1,15,"yes"
"1458","Melanitta perspicillata","research",2020,1,1,1,"yes"
"1459","Meleagris gallopavo","research",2020,30,0.9375,32,"yes"
"1460","Melospiza georgiana","research",2020,8,1,8,"yes"
"1461","Melospiza lincolnii","research",2020,2,1,2,"yes"
"1462","Melospiza melodia","research",2020,220,0.960698689956332,229,"yes"
"1463","Mergus merganser","research",2020,137,0.985611510791367,139,"yes"
"1464","Mergus serrator","research",2020,52,0.981132075471698,53,"yes"
"1465","Mimus polyglottos","research",2020,14,0.933333333333333,15,"yes"
"1466","Mniotilta varia","research",2020,1,1,1,"yes"
"1467","Molothrus ater","research",2020,28,1,28,"yes"
"1468","Myadestes townsendi","research",2020,12,1,12,"yes"
"1469","Numenius phaeopus","research",2020,6,0.857142857142857,7,"yes"
"1470","Nycticorax nycticorax","research",2020,9,1,9,"yes"
"1471","Oxyura jamaicensis","research",2020,12,1,12,"yes"
"1472","Pandion haliaetus","research",2020,52,0.945454545454545,55,"yes"
"1473","Parkesia noveboracensis","research",2020,1,1,1,"yes"
"1474","Passer domesticus","research",2020,179,0.942105263157895,190,"yes"
"1475","Passerculus sandwichensis","research",2020,9,1,9,"yes"
"1476","Passerella iliaca","research",2020,16,0.8,20,"yes"
"1477","Pelecanus erythrorhynchos","research",2020,8,0.888888888888889,9,"yes"
"1478","Perdix perdix","research",2020,7,0.777777777777778,9,"yes"
"1479","Petrochelidon pyrrhonota","research",2020,4,1,4,"yes"
"1480","Phalacrocorax auritus","research",2020,86,0.934782608695652,92,"yes"
"1481","Phalacrocorax pelagicus","research",2020,4,1,4,"yes"
"1482","Phasianus colchicus","research",2020,11,0.846153846153846,13,"yes"
"1483","Pheucticus ludovicianus","research",2020,1,1,1,"yes"
"1484","Pica hudsonia","research",2020,114,0.957983193277311,119,"yes"
"1485","Picoides dorsalis","research",2020,1,1,1,"yes"
"1486","Pinicola enucleator","research",2020,3,0.75,4,"yes"
"1487","Pipilo erythrophthalmus","research",2020,9,0.9,10,"yes"
"1488","Pipilo maculatus","research",2020,27,1,27,"yes"
"1489","Pluvialis squatarola","research",2020,1,1,1,"yes"
"1490","Podiceps auritus","research",2020,28,1,28,"yes"
"1491","Podiceps grisegena","research",2020,40,0.975609756097561,41,"yes"
"1492","Podilymbus podiceps","research",2020,21,0.954545454545455,22,"yes"
"1493","Poecile atricapillus","research",2020,274,0.951388888888889,288,"yes"
"1494","Poecile gambeli","research",2020,2,0.666666666666667,3,"yes"
"1495","Poecile hudsonicus","research",2020,5,1,5,"yes"
"1496","Poecile rufescens","research",2020,1,1,1,"yes"
"1497","Pooecetes gramineus","research",2020,3,1,3,"yes"
"1498","Progne subis","research",2020,2,1,2,"yes"
"1499","Psaltriparus minimus","research",2020,5,0.833333333333333,6,"yes"
"1500","Quiscalus quiscula","research",2020,108,0.964285714285714,112,"yes"
"1501","Rallus limicola","research",2020,3,1,3,"yes"
"1502","Recurvirostra americana","research",2020,17,1,17,"yes"
"1503","Regulus calendula","research",2020,68,0.957746478873239,71,"yes"
"1504","Regulus satrapa","research",2020,41,0.953488372093023,43,"yes"
"1505","Riparia riparia","research",2020,1,1,1,"yes"
"1506","Sayornis phoebe","research",2020,65,0.970149253731343,67,"yes"
"1507","Scolopax minor","research",2020,10,0.833333333333333,12,"yes"
"1508","Selasphorus rufus","research",2020,4,0.8,5,"yes"
"1509","Setophaga coronata","research",2020,37,1,37,"yes"
"1510","Setophaga coronata coronata × auduboni","research",2020,2,1,2,"yes"
"1511","Setophaga nigrescens","research",2020,2,1,2,"yes"
"1512","Setophaga palmarum","research",2020,1,1,1,"yes"
"1513","Setophaga pinus","research",2020,7,0.777777777777778,9,"yes"
"1514","Setophaga townsendi","research",2020,1,1,1,"yes"
"1515","Sialia currucoides","research",2020,4,1,4,"yes"
"1516","Sialia sialis","research",2020,6,0.857142857142857,7,"yes"
"1517","Sitta canadensis","research",2020,44,0.916666666666667,48,"yes"
"1518","Sitta carolinensis","research",2020,101,0.935185185185185,108,"yes"
"1519","Somateria mollissima","research",2020,2,1,2,"yes"
"1520","Somateria spectabilis","research",2020,1,1,1,"yes"
"1521","Spatula clypeata","research",2020,60,0.983606557377049,61,"yes"
"1522","Spatula cyanoptera","research",2020,8,1,8,"yes"
"1523","Spatula discors","research",2020,2,1,2,"yes"
"1524","Sphyrapicus ruber","research",2020,2,1,2,"yes"
"1525","Sphyrapicus varius","research",2020,48,0.923076923076923,52,"yes"
"1526","Spinus pinus","research",2020,17,1,17,"yes"
"1527","Spinus tristis","research",2020,158,0.957575757575758,165,"yes"
"1528","Spizella passerina","research",2020,33,1,33,"yes"
"1529","Spizella pusilla","research",2020,4,1,4,"yes"
"1530","Spizelloides arborea","research",2020,43,0.977272727272727,44,"yes"
"1531","Stelgidopteryx serripennis","research",2020,1,1,1,"yes"
"1532","Sterna forsteri","research",2020,1,1,1,"yes"
"1533","Sterna hirundo","research",2020,1,0.5,2,"yes"
"1534","Streptopelia decaocto","research",2020,1,1,1,"yes"
"1535","Strix nebulosa","research",2020,2,1,2,"yes"
"1536","Strix varia","research",2020,6,0.666666666666667,9,"yes"
"1537","Sturnella magna","research",2020,13,1,13,"yes"
"1538","Sturnella neglecta","research",2020,7,1,7,"yes"
"1539","Sturnus vulgaris","research",2020,149,0.937106918238994,159,"yes"
"1540","Surnia ulula","research",2020,1,1,1,"yes"
"1541","Tachycineta bicolor","research",2020,51,0.927272727272727,55,"yes"
"1542","Tachycineta thalassina","research",2020,3,0.75,4,"yes"
"1543","Thryomanes bewickii","research",2020,2,1,2,"yes"
"1544","Thryothorus ludovicianus","research",2020,5,0.833333333333333,6,"yes"
"1545","Toxostoma rufum","research",2020,5,0.833333333333333,6,"yes"
"1546","Tringa flavipes","research",2020,6,1,6,"yes"
"1547","Tringa melanoleuca","research",2020,15,0.882352941176471,17,"yes"
"1548","Tringa semipalmata","research",2020,3,1,3,"yes"
"1549","Tringa solitaria","research",2020,1,1,1,"yes"
"1550","Troglodytes hiemalis","research",2020,11,0.846153846153846,13,"yes"
"1551","Troglodytes pacificus","research",2020,2,0.666666666666667,3,"yes"
"1552","Turdus migratorius","research",2020,544,0.942807625649913,577,"yes"
"1553","Vireo huttoni","research",2020,2,1,2,"yes"
"1554","Vireo solitarius","research",2020,2,1,2,"yes"
"1555","Xanthocephalus xanthocephalus","research",2020,3,1,3,"yes"
"1556","Zenaida macroura","research",2020,86,0.955555555555556,90,"yes"
"1557","Zonotrichia albicollis","research",2020,44,0.977777777777778,45,"yes"
"1558","Zonotrichia atricapilla","research",2020,6,1,6,"yes"
"1559","Zonotrichia leucophrys","research",2020,21,0.91304347826087,23,"yes"
